sii,sii_lci,sii_uci,rii,weighted_mean,n_areas,year,q1,q2,q3,q4,q5,sex
87.99363166588923,78.0088180073185,97.97844532445995,0.5969144818362074,147.4141344254311,151,2001,123.0208403448276,130.89727366666665,151.69949580645164,169.82252366666665,190.83002064516134,Persons
81.32730485756662,71.84105510503781,90.81355461009542,0.5806994098634166,140.05060703728836,151,2002,114.62078137931036,126.90587533333331,143.0264664516129,156.70594400000002,184.08743774193547,Persons
80.98459867365979,71.85446462438382,90.11473272293576,0.607477531335191,133.3129119947228,151,2003,109.75502793103448,118.96164033333334,140.69456838709678,150.47326433333333,176.05534903225805,Persons
77.707159770968,69.33480007939224,86.07951946254377,0.6354549660980424,122.2858643282344,151,2004,98.00591379310345,107.79645899999998,127.89996677419356,139.31997999999996,162.39931709677418,Persons
69.33455248023151,61.24012901676036,77.42897594370265,0.6081409200049601,114.01066792161593,151,2005,93.06229517241381,106.01704133333332,115.19734322580646,127.91934433333334,150.49325000000002,Persons
66.62657074529227,58.67028842200745,74.58285306857708,0.6207233410937932,107.3369830557488,151,2006,86.60640862068965,96.12685066666667,111.60463387096773,121.07950699999999,143.4167070967742,Persons
63.64106113733586,56.05502553093733,71.22709674373439,0.6310797379760457,100.84472263590806,151,2007,80.88858172413794,88.79732133333333,104.9595090322581,115.84512733333334,134.9703551612903,Persons
62.23658162185423,55.26233143049346,69.210831813215,0.6487474510758674,95.93345071127841,151,2008,76.96464689655173,87.23149266666668,98.81898354838711,110.22906433333334,127.04912709677419,Persons
58.92182721036963,52.14295270005587,65.70070172068338,0.6590444192116043,89.40494068799809,151,2009,70.82560551724137,81.40794466666667,92.09935548387095,101.55514400000001,118.17985870967742,Persons
54.008218428269174,48.078002285005326,59.93843457153302,0.6217922476452796,86.85894466004956,151,2010,70.19181172413792,78.66391633333335,91.41924838709677,98.18533733333332,111.8105577419355,Persons
48.23921211752171,42.41732876418125,54.06109547086217,0.5906971908607624,81.66487476811537,151,2011,68.4751748275862,72.93656433333334,83.52480419354839,92.26091866666665,104.68248935483872,Persons
49.52617840097748,44.055524412501484,54.99683238945347,0.6238742428177478,79.38487438957397,151,2012,65.10621448275862,71.00040433333332,81.6544864516129,90.62477799999998,104.49279419354836,Persons
47.793059337745866,42.40784475880244,53.17827391668929,0.6097600335364541,78.3801113703012,151,2013,63.51764241379312,70.010466,80.57239645161287,89.53358266666666,100.31808935483872,Persons
48.84486185203649,43.15367185127465,54.53605185279832,0.6429382172270082,75.97131503973169,151,2014,61.74491689655173,66.848315,75.69446806451614,87.08567599999999,102.05504258064516,Persons
51.135099071278354,45.57527963867346,56.69491850388325,0.6700375341631937,76.31676803769017,151,2015,60.621526551724145,67.06207900000001,78.80767580645161,86.06900733333335,102.87988225806451,Persons
49.64980979500503,44.11817027279057,55.18144931721948,0.6629884599921833,74.88789442215993,151,2016,58.467464827586205,67.396845,76.60117225806451,86.05759766666668,99.5353841935484,Persons
51.46763966963404,46.69062094117643,56.24465839809165,0.7033667574617758,73.1732614935687,151,2017,55.75119724137931,64.59610233333333,75.22724193548387,82.09064566666666,100.10475096774195,Persons
49.407309702713036,44.47389578202432,54.34072362340175,0.67188764078493,73.53507744984437,151,2018,56.342573448275864,65.03970966666665,76.29541451612903,82.12823266666666,98.54568516129032,Persons
46.140970859813315,41.63507957699035,50.64686214263628,0.6539847403715333,70.5535894210625,151,2019,55.596288275862065,62.736046333333334,71.39650096774193,82.66111299999999,93.12848870967743,Persons
54.415479093169544,48.86297447476678,59.96798371157231,0.7140502188593272,76.20679562299773,151,2020,57.945850344827576,66.43307866666666,79.78798451612901,85.774307,104.23510516129032,Persons
55.7110476889697,50.49412015870018,60.92797521923922,0.7160127239339935,77.8073431193738,151,2021,58.706484137931035,69.05833333333334,79.95004741935483,88.79505700000003,104.66006967741934,Persons
55.173485024643625,49.78439662802968,60.56257342125757,0.6949240963130039,79.39498042645609,151,2022,60.9893225727566,71.96013377425447,80.68892440574851,89.69814744725225,109.49609185786034,Persons
52.2185882494374,46.8910672176319,57.546109281242906,0.6620666942715075,78.87209657464363,151,2023,61.535638647253336,71.13696094904262,80.13898898247714,88.66434549926592,105.56646749555003,Persons
51.693468670259826,45.7502380636142,57.63669927690545,0.6791461981710957,76.11537664418584,151,2024,57.77454978668486,69.01482261850356,76.68187898402232,85.19818424175628,102.86558319368011,Persons
51.840813748627234,46.22853210392864,57.453095393325825,0.7076236231126752,73.26043401517786,151,2025,55.13008545119442,65.06323782325474,72.97510062048515,86.03529660498741,98.65959809090485,Persons
118.1548573414599,103.26928336319988,133.04043131971991,0.5703567274954474,207.15957513169337,151,2001,174.95248551724137,184.20071166666665,213.14770838709674,233.32683766666665,266.33362741935485,Male
112.10490856816529,98.29163569447583,125.91818144185474,0.5689213195449535,197.04817646459685,151,2002,161.97625310344824,178.641773,203.8907058064516,220.40789466666666,257.6201106451612,Male
113.72448158044871,100.37052444639015,127.07843871450727,0.6070352086325225,187.34412759457163,151,2003,153.90510137931034,166.30551499999999,200.2689829032258,210.039084,246.1928877419355,Male
105.6062448073084,93.79678114536657,117.41570846925023,0.6108769817572274,172.87645133317213,151,2004,138.57433206896553,153.84088500000004,179.82750258064516,197.28474699999998,225.70302258064513,Male
98.41574741563363,86.61390482099978,110.21759001026749,0.6116431111930025,160.90387615692245,151,2005,133.07091620689658,149.49989133333332,163.0191603225806,180.9708073333334,212.08799,Male
92.57372775411628,81.2821088198794,103.86534668835316,0.6137942807635522,150.82207615058866,151,2006,122.21140551724137,134.58078200000003,158.38368903225802,170.03441199999997,198.53574741935483,Male
88.1673592325801,77.29910262323217,99.03561584192802,0.6194466508164811,142.3324496409309,151,2007,114.80199655172414,125.32402066666667,148.60908774193547,162.72007633333334,188.2032616129032,Male
84.94124337248408,74.81103190571099,95.07145483925717,0.6291548664714214,135.00848185260352,151,2008,107.78067689655173,122.86870133333332,141.09270870967745,154.69843466666669,176.6369383870968,Male
81.198538895378,71.71623699450919,90.6808407962468,0.6392904979545017,127.01352382865684,151,2009,102.21619517241379,116.34742133333333,128.57138870967742,144.87177033333336,166.82455709677413,Male
72.13482370505537,63.07990428980603,81.18974312030471,0.5835382777781186,123.61626726479032,151,2010,101.6408,112.52041700000001,130.25154806451613,137.495594,156.98376612903226,Male
63.54930531850435,54.59298421284624,72.50562642416246,0.5484100222020235,115.87918299402273,151,2011,99.69696689655171,103.52736433333332,118.57515580645162,129.866423,145.1981729032258,Male
67.8913545384473,59.92493984259511,75.8577692342995,0.6146016538711245,110.4639958432058,151,2012,90.21202448275862,99.08314833333334,113.17539903225808,124.30585566666666,145.62197612903225,Male
64.74837809223163,56.68706492452398,72.80969125993929,0.584622029374054,110.75254581418483,150,2013,91.29751642857141,99.74423366666664,114.49275290322579,127.81490933333336,138.3560751612903,Male
66.70636019037082,58.52782222612762,74.884898154614,0.6257636906226065,106.59992132813109,151,2014,87.39489517241381,93.56012233333333,106.00416516129032,124.29651966666667,140.56724677419356,Male
68.13108044029852,60.34022258677637,75.92193829382066,0.6414666911180376,106.21140798682809,151,2015,85.61992620689654,94.71251966666667,109.13409000000001,120.184242,140.85293838709674,Male
65.86891572396583,57.985066267059906,73.75276518087175,0.6308454299413422,104.41371625707188,150,2016,84.18857928571431,94.89717900000001,105.7207129032258,119.06582,138.12676870967746,Male
67.94123477557801,61.08773529857701,74.794734252579,0.6635810607743162,102.3857352051294,151,2017,79.82039137931037,90.81469666666666,104.43611451612904,114.50179499999999,139.70698709677418,Male
67.42205853047768,60.06113745406762,74.78297960688775,0.6522374364170921,103.37042120863897,151,2018,79.64155448275864,90.64416666666666,108.43557967741934,114.86700433333334,137.65073709677418,Male
60.1299015862559,53.50709254854893,66.75271062396286,0.6071566114469106,99.0352414065965,151,2019,79.19113172413793,88.81154899999999,100.48049064516128,112.641533,128.14160064516128,Male
73.17341482766668,64.85206225654204,81.49476739879131,0.6761095452131611,108.22715837356925,151,2020,83.53031862068966,95.20226566666669,113.31362161290323,121.47480999999999,145.47097612903224,Male
76.3908962180312,69.0434402371831,83.7383521988793,0.6932631064305113,110.19033828491808,151,2021,84.18304551724138,98.427653,113.11182677419356,125.69698933333333,146.18032548387092,Male
77.73005564580131,69.9289322365866,85.53117905501603,0.6904096140577084,112.58541895000928,151,2022,87.51359326104371,100.95198299573288,115.19809941468532,126.35456601650513,154.9977807968873,Male
69.36517009289035,61.69499644473912,77.03534374104159,0.6214805065014409,111.61278490193405,151,2023,90.23143426895066,99.97449434640171,115.6633077732415,124.77718653492008,144.4860475760007,Male
70.9822716550971,62.655189813261245,79.30935349693294,0.6566778386214998,108.09299093160097,151,2024,83.54729743735395,98.19365174684607,108.6510689039322,119.89145406675017,145.58293362631048,Male
72.00808848442351,64.32391634669189,79.69226062215513,0.693360190884461,103.85379696023344,151,2025,77.99668735828995,93.04245059349536,105.53636855089104,120.60641292369301,138.54481433484037,Male
61.38426636583963,53.85820159711707,68.91033113456218,0.6613029101368609,92.82322128770876,150,2001,76.2908892857143,81.84895633333333,95.89461,112.29642566666669,121.96525806451614,Female
53.87391492628767,46.47729728486151,61.27053256771383,0.6136735778312024,87.78920402062069,150,2002,72.60924107142857,79.03613633333335,87.48443870967742,98.56837433333335,116.78423645161288,Female
51.457793094545956,44.32109529391059,58.59449089518132,0.6158498405262894,83.55574639845884,150,2003,69.45591964285714,75.07895933333332,86.15747387096773,95.60941,111.66838709677421,Female
52.42372582289131,45.457044524296386,59.39040712148624,0.6939138015476407,75.54789327719138,151,2004,60.562174482758614,65.135431,80.03755709677418,85.85599133333332,104.08433096774193,Female
42.476332812268495,36.04560411238781,48.907061512149184,0.6027109132439128,70.4754665609956,150,2005,56.42479357142857,65.32795333333334,71.03253096774193,78.72636633333335,93.30426129032257,Female
42.68686623463284,36.37211487249679,49.00161759676889,0.6395867147647709,66.74132724963235,150,2006,54.54915607142857,59.89673866666668,67.8872306451613,75.47654333333335,92.07213032258063,Female
40.96836227435717,34.86548482197309,47.07123972674125,0.6602561034438502,62.049198880054306,150,2007,49.63291142857143,54.45624266666666,64.20077903225805,72.227609,85.04747903225808,Female
41.00583088155996,35.392245249148395,46.61941651397152,0.6922224209735304,59.23794092640054,151,2008,48.103017586206896,53.63638300000001,59.31885935483871,68.63821666666668,80.27617709677419,Female
37.96850903839441,32.5466952668468,43.39032280994202,0.7019508222712683,54.08998441734357,150,2009,42.37560428571428,48.30490033333333,58.035521290322585,60.93369566666666,72.42201903225808,Female
37.06551804501907,32.32939282373369,41.801643266304445,0.7095505423241351,52.238023698228524,151,2010,40.759084827586214,46.58621299999998,54.94750322580645,61.032045000000004,69.12613580645161,Female
33.66205114565685,29.22749035323086,38.09661193808284,0.6811018142349786,49.422935664128936,150,2011,39.43180607142857,43.906639,50.51574483870968,56.74701766666668,66.44533548387096,Female
32.16633309863424,27.536302315794938,36.79636388147354,0.6414212969948464,50.14852679407164,150,2012,41.571293571428576,44.383594,52.093708387096775,58.798530666666665,65.70591612903227,Female
31.56371619192328,26.748388225400547,36.379044158446014,0.6580359321890153,47.96655417725253,150,2013,39.33737142857143,41.905918,48.88213387096773,53.306034,64.44882774193549,Female
31.809520097022464,27.025758203674002,36.593281990370926,0.675987392839653,47.05638068692179,150,2014,37.96733428571429,41.510828999999994,47.19986548387097,51.76513766666667,65.49066419354838,Female
34.84479469271584,30.15006500151819,39.53952438391349,0.7251923363705315,48.04903877929586,150,2015,36.9475575,40.83087233333333,50.32926903225807,53.68547100000001,66.7617058064516,Female
33.908179288080206,28.922620096150013,38.8937384800104,0.7209388037515811,47.033366926056296,150,2016,35.72013,41.36416466666667,49.10452161290323,54.79929,62.852059999999994,Female
35.294456756625706,31.13074693526572,39.45816657798569,0.7758963666964173,45.48862228457279,150,2017,33.50816035714286,39.694022333333336,47.66828161290322,51.27900399999999,62.24489838709678,Female
31.856763302957138,27.549655022193384,36.16387158372089,0.7035808213656719,45.27804388005089,150,2018,34.65381142857142,40.68367333333333,46.12563709677421,50.923819,61.23423225806453,Female
32.264526804494295,28.428271526881865,36.100782082106726,0.7398050599211244,43.6122007707466,150,2019,33.5092225,38.025863666666666,44.14490096774194,54.24114266666667,59.5963935483871,Female
36.0377609987205,31.74868368415168,40.32683831328932,0.7839860877041733,45.96734758936037,150,2020,34.52972392857143,39.128836,48.43195064516128,51.889752666666666,64.87526516129032,Female
35.258153002989225,30.700749863087307,39.81555614289114,0.7461246208984595,47.255045625665694,150,2021,36.03717821428571,41.31491233333333,48.85585903225806,53.782782000000005,64.95424000000001,Female
33.31759357717509,28.65856744930199,37.976619705048186,0.6915949158583681,48.175012298670815,150,2022,36.37848618828715,44.59860432639286,48.55366344106747,55.01296113177771,66.37571044619106,Female
35.33290019192442,30.873161477923404,39.79263890592544,0.7346677402553514,48.09371400960607,150,2023,34.80178285232396,44.01831476508321,47.13231836604058,54.47992010516425,68.48057306708382,Female
32.97662343570355,28.360498879339644,37.59274799206746,0.7147189818723043,46.13928589012253,150,2024,34.21383802464038,41.50457363986329,47.06148861473149,52.44824040618293,62.328562105438,Female
32.130714204156114,27.580727143036015,36.68070126527621,0.7229681516221715,44.44277957758209,150,2025,34.66078394256569,38.59220516183741,42.61839622776731,53.26156276541423,60.66920535329129,Female
