year,reference_rate_q1,excess_deaths,observed_deaths,excess_share
2001,123.0208403448276,12292.077887349209,53907.74002,0.22802064940561034
2002,114.62078137931036,12467.602644940787,51682.148629999996,0.24123615165844137
2003,109.75502793103448,11845.967275247118,49544.81365,0.23909601030959007
2004,98.00591379310345,11826.080445422918,45753.24553,0.2584752252748641
2005,93.06229517241381,10700.117811452947,43147.48313,0.24798938513317975
2006,86.60640862068965,10449.086217102767,40754.21229,0.2563927905844151
2007,80.88858172413794,10036.545672709819,38832.00811,0.2584606401059443
2008,76.96464689655173,9653.816266511125,37651.50373,0.2563992220799179
2009,70.82560551724137,9519.326967446552,35655.570080000005,0.2669800804218848
2010,70.19181172413792,8660.527417740243,35354.79192,0.24496049750022802
2011,68.4751748275862,7171.668865979715,33624.945,0.21328418131181226
2012,65.10621448275862,7716.782851460085,33095.685,0.23316582966813001
2013,63.51764241379312,7831.977619433497,33249.405,0.23555241422917184
2014,61.74491689655173,7655.078403113037,32895.0,0.23271252175446228
2015,60.621526551724145,8307.873187292054,33664.0,0.24678805808258242
2016,58.467464827586205,8655.91724751332,33816.0,0.25597105652689023
2017,55.75119724137931,9248.08288758371,33828.0,0.2733854465999678
2018,56.342573448275864,9156.990510688938,34690.0,0.26396628742256956
2019,55.596288275862065,8159.383216916857,33707.0,0.24206791517835635
2020,57.945850344827576,9716.123663834918,36457.0,0.266509138542253
2021,58.706484137931035,10226.262833606268,37669.0,0.27147688639481454
2022,60.9893225727566,10024.024220559433,38259.0,0.26200434461327876
2023,61.535638647253336,9589.50270712362,38118.0,0.2515741305190099
2024,57.77454978668486,10118.976832984958,36834.0,0.2747183806533354
2025,55.13008545119442,10073.097254899927,35820.0,0.2812143287241744
