quintile,n_areas,mean,lci,uci,median,year
1,29,123.0208403448276,116.15009267127849,129.89158801837672,121.21804,2001
2,30,130.89727366666665,125.30363325031898,136.49091408301433,131.415255,2001
3,31,151.69949580645164,142.76255398071098,160.6364376321923,151.69187,2001
4,30,169.82252366666665,161.90076766840667,177.74427966492664,173.213695,2001
5,31,190.83002064516134,183.19705412884375,198.46298716147894,190.01754,2001
1,29,114.62078137931036,108.4728647402588,120.76869801836192,113.13549,2002
2,30,126.90587533333331,121.3069929591461,132.50475770752053,129.21406000000002,2002
3,31,143.0264664516129,136.68718604123984,149.36574686198594,142.997,2002
4,30,156.70594400000002,150.1121234846541,163.29976451534594,154.80807,2002
5,31,184.08743774193547,175.99689511013142,192.17798037373953,185.78152,2002
1,29,109.75502793103448,103.68638426582044,115.82367159624852,105.77464,2003
2,30,118.96164033333334,113.08283850129405,124.84044216537262,119.92837499999999,2003
3,31,140.69456838709678,133.62733667527596,147.7618000989176,144.87095,2003
4,30,150.47326433333333,144.6897006603715,156.25682800629517,151.71204,2003
5,31,176.05534903225805,168.83706080213753,183.27363726237857,175.5059,2003
1,29,98.00591379310345,92.57837152026833,103.43345606593856,95.13909,2004
2,30,107.79645899999998,103.36588629247596,112.227031707524,106.66799499999999,2004
3,31,127.89996677419356,120.55377854673073,135.24615500165638,124.31415,2004
4,30,139.31997999999996,132.8417315052721,145.79822849472782,140.04529,2004
5,31,162.39931709677418,155.3320954687106,169.46653872483776,161.94145,2004
1,29,93.06229517241381,87.1606206249757,98.96396971985192,86.32253,2005
2,30,106.01704133333332,100.71878507151408,111.31529759515257,107.55828,2005
3,31,115.19734322580646,110.02376715126545,120.37091930034748,110.74079,2005
4,30,127.91934433333334,122.49276522004416,133.34592344662252,126.828555,2005
5,31,150.49325000000002,143.34847899012382,157.6380210098762,147.69772,2005
1,29,86.60640862068965,81.54352670070192,91.66929054067738,86.06227,2006
2,30,96.12685066666667,90.59504443171437,101.65865690161897,94.33200500000001,2006
3,31,111.60463387096773,105.49859267207337,117.71067506986209,115.13576,2006
4,30,121.07950699999999,114.93136958360483,127.22764441639515,119.77267,2006
5,31,143.4167070967742,137.51941429544243,149.31399989810595,141.73291,2006
1,29,80.88858172413794,75.65727223621673,86.11989121205914,78.3565,2007
2,30,88.79732133333333,83.79303991710856,93.8016027495581,86.48501999999999,2007
3,31,104.9595090322581,98.38963634726932,111.52938171724688,101.20005,2007
4,30,115.84512733333334,108.92511110306661,122.76514356360006,112.166215,2007
5,31,134.9703551612903,129.70216540257752,140.2385449200031,133.80377,2007
1,29,76.96464689655173,73.0173563756427,80.91193741746075,74.14098,2008
2,30,87.23149266666668,83.16834411059143,91.29464122274193,88.633595,2008
3,31,98.81898354838711,93.7825005930578,103.85546650371641,102.97512,2008
4,30,110.22906433333334,104.91221278050709,115.54591588615959,110.354185,2008
5,31,127.04912709677419,120.3580049667897,133.7402492267587,127.90792,2008
1,29,70.82560551724137,66.2232384151468,75.42797261933595,70.55608,2009
2,30,81.40794466666667,76.25914498579282,86.55674434754052,80.843605,2009
3,31,92.09935548387095,87.45610876042701,96.74260220731489,91.19774,2009
4,30,101.55514400000001,96.66992564212227,106.44036235787776,100.79233500000001,2009
5,31,118.17985870967742,112.04361386039275,124.31610355896208,114.12134,2009
1,29,70.19181172413792,66.15104389979005,74.23257954848579,69.55688,2010
2,30,78.66391633333335,75.06688938163568,82.26094328503102,76.956065,2010
3,31,91.41924838709677,86.60950785804783,96.22898891614571,92.11044,2010
4,30,98.18533733333332,93.91887050625269,102.45180416041396,97.400835,2010
5,31,111.8105577419355,105.47750688420567,118.14360859966533,111.35885,2010
1,29,68.4751748275862,64.92312565534769,72.02722399982471,70.1025,2011
2,30,72.93656433333334,69.43676688486644,76.43636178180023,71.9241,2011
3,31,83.52480419354839,79.04201740950668,88.0075909775901,82.77772,2011
4,30,92.26091866666665,87.78860896934026,96.73322836399305,93.464145,2011
5,31,104.68248935483872,99.60813709058185,109.7568416190956,103.70015,2011
1,29,65.10621448275862,61.28289394104974,68.92953502446748,63.20519,2012
2,30,71.00040433333332,67.75197470511237,74.24883396155427,71.45479499999999,2012
3,31,81.6544864516129,77.96571088057873,85.34326202264707,83.84135,2012
4,30,90.62477799999998,86.42562905713075,94.8239269428692,87.860415,2012
5,31,104.49279419354836,99.53099615901125,109.45459222808547,100.88372,2012
1,29,63.51764241379312,59.789043623202986,67.24624120438325,62.53153,2013
2,30,70.010466,67.30218578358567,72.71874621641432,69.45771500000001,2013
3,31,80.57239645161287,75.44523871719731,85.69955418602844,81.59214,2013
4,30,89.53358266666666,84.43490667298249,94.63225866035083,87.886685,2013
5,31,100.31808935483872,96.12698422355945,104.50919448611799,100.18007,2013
1,29,61.74491689655173,57.95957630101725,65.5302574920862,61.08084,2014
2,30,66.848315,63.469243091704385,70.22738690829561,64.62993,2014
3,31,75.69446806451614,71.73591261657823,79.65302351245406,78.80453,2014
4,30,87.08567599999999,83.3843111014708,90.78704089852918,86.73728,2014
5,31,102.05504258064516,97.20867136664239,106.90141379464794,101.8563,2014
1,29,60.621526551724145,57.549560231911165,63.693492871537124,59.82067,2015
2,30,67.06207900000001,63.79151680030722,70.3326411996928,64.32721000000001,2015
3,31,78.80767580645161,74.3250241205362,83.29032749236703,79.51118,2015
4,30,86.06900733333335,82.15680714116621,89.98120752550048,85.445945,2015
5,31,102.87988225806451,97.92719581821696,107.83256869791207,104.09151,2015
1,29,58.467464827586205,55.16279103604558,61.77213861912683,58.20637,2016
2,30,67.396845,64.11994953357558,70.67374046642442,66.22076,2016
3,31,76.60117225806451,71.2981613629505,81.90418315317852,76.86063,2016
4,30,86.05759766666668,83.06481296885377,89.05038236447959,84.753135,2016
5,31,99.5353841935484,93.78660411234745,105.28416427474934,98.31095,2016
1,29,55.75119724137931,52.74821151736912,58.7541829653895,55.52767,2017
2,30,64.59610233333333,61.74494159173964,67.44726307492704,64.71141,2017
3,31,75.22724193548387,70.69520318039567,79.75928069057208,75.9334,2017
4,30,82.09064566666666,78.75818586119193,85.42310547214139,83.66044500000001,2017
5,31,100.10475096774195,96.45731888667336,103.75218304881054,101.4353,2017
1,29,56.342573448275864,52.91986019268166,59.76528670387007,55.98071,2018
2,30,65.03970966666665,62.13809775003727,67.94132158329604,63.99202,2018
3,31,76.29541451612903,72.47017514413923,80.12065388811882,77.74368,2018
4,30,82.12823266666666,78.50933808596737,85.74712724736595,83.45691,2018
5,31,98.54568516129032,93.77426277124528,103.31710755133537,98.84546,2018
1,29,55.596288275862065,52.11530703554709,59.07726951617704,54.89236,2019
2,30,62.736046333333334,60.262943630991145,65.20914903567552,63.56407,2019
3,31,71.39650096774193,68.3993554946941,74.39364644078975,70.93894,2019
4,30,82.66111299999999,78.8332752341136,86.48895076588637,81.61926500000001,2019
5,31,93.12848870967743,89.48935800469022,96.76761941466464,92.80286,2019
1,29,57.945850344827576,54.724239652618216,61.16746103703694,57.25476,2020
2,30,66.43307866666666,63.40085536396293,69.46530196937039,65.80349,2020
3,31,79.78798451612901,75.64062875933413,83.9353402729239,80.7886,2020
4,30,85.774307,81.85116247929486,89.69745152070513,86.17215999999999,2020
5,31,104.23510516129032,98.77355909511178,109.69665122746886,102.39615,2020
1,29,58.706484137931035,55.35274957455596,62.06021870130611,58.41054,2021
2,30,69.05833333333334,65.6852191333635,72.43144753330317,68.238065,2021
3,31,79.95004741935483,75.54195038903678,84.35814444967288,80.93891,2021
4,30,88.79505700000003,84.54956635084193,93.04054764915813,88.35303,2021
5,31,104.66006967741934,99.27670569997011,110.04343365486858,104.82749,2021
1,29,60.9893225727566,57.857287780487766,64.12135736502543,60.2709068476,2022
2,30,71.96013377425447,68.16326554383795,75.757002004671,71.82394937257786,2022
3,31,80.68892440574851,76.08927702852287,85.28857178297415,81.6983782583391,2022
4,30,89.69814744725225,85.1486276868543,94.24766720765021,92.22294202755981,2022
5,31,109.49609185786034,105.63126693914953,113.36091677657114,108.966848972816,2022
1,29,61.535638647253336,58.52858358334687,64.5426937111598,59.916773827046,2023
2,30,71.13696094904262,68.33249612041615,73.94142577766908,71.63279179201939,2023
3,31,80.13898898247714,75.02335741415826,85.25462055079603,82.2714460007958,2023
4,30,88.66434549926592,84.72496578908161,92.60372520945023,88.37391683181559,2023
5,31,105.56646749555003,100.9436657068569,110.18926928424315,106.625179934792,2023
1,29,57.77454978668486,53.940607538375616,61.6084920349941,58.0891068110175,2024
2,30,69.01482261850356,65.0712199389441,72.95842529806302,68.7512552357431,2024
3,31,76.68187898402232,72.16612163888429,81.19763632916035,77.6695078464826,2024
4,30,85.19818424175628,80.8886168939191,89.50775158959345,83.5353255086971,2024
5,31,102.86558319368011,96.91531368648785,108.81585270087237,106.638150953962,2024
1,29,55.13008545119442,51.8926009894119,58.36756991297693,53.5443665077851,2025
2,30,65.06323782325474,61.71362207554631,68.41285357096316,63.95936546419045,2025
3,31,72.97510062048515,68.43852653740764,77.51167470356266,75.1166196515585,2025
4,30,86.03529660498741,81.59070335146481,90.47988985851,88.08922389214669,2025
5,31,98.65959809090485,93.67153273970649,103.64766344210321,99.268477519295,2025
