sii,sii_lci,sii_uci,rii,weighted_mean,n_areas,year
87.99363166588923,78.0088180073185,97.97844532445995,0.5969144818362074,147.4141344254311,151,2001
81.32730485756662,71.84105510503781,90.81355461009542,0.5806994098634166,140.05060703728836,151,2002
80.98459867365979,71.85446462438382,90.11473272293576,0.607477531335191,133.3129119947228,151,2003
77.707159770968,69.33480007939224,86.07951946254377,0.6354549660980424,122.2858643282344,151,2004
69.33455248023151,61.24012901676036,77.42897594370265,0.6081409200049601,114.01066792161593,151,2005
66.62657074529227,58.67028842200745,74.58285306857708,0.6207233410937932,107.3369830557488,151,2006
63.64106113733586,56.05502553093733,71.22709674373439,0.6310797379760457,100.84472263590806,151,2007
62.23658162185423,55.26233143049346,69.210831813215,0.6487474510758674,95.93345071127841,151,2008
58.92182721036963,52.14295270005587,65.70070172068338,0.6590444192116043,89.40494068799809,151,2009
54.008218428269174,48.078002285005326,59.93843457153302,0.6217922476452796,86.85894466004956,151,2010
48.23921211752171,42.41732876418125,54.06109547086217,0.5906971908607624,81.66487476811537,151,2011
49.52617840097748,44.055524412501484,54.99683238945347,0.6238742428177478,79.38487438957397,151,2012
47.793059337745866,42.40784475880244,53.17827391668929,0.6097600335364541,78.3801113703012,151,2013
48.84486185203649,43.15367185127465,54.53605185279832,0.6429382172270082,75.97131503973169,151,2014
51.135099071278354,45.57527963867346,56.69491850388325,0.6700375341631937,76.31676803769017,151,2015
49.64980979500503,44.11817027279057,55.18144931721948,0.6629884599921833,74.88789442215993,151,2016
51.46763966963404,46.69062094117643,56.24465839809165,0.7033667574617758,73.1732614935687,151,2017
49.407309702713036,44.47389578202432,54.34072362340175,0.67188764078493,73.53507744984437,151,2018
46.140970859813315,41.63507957699035,50.64686214263628,0.6539847403715333,70.5535894210625,151,2019
54.415479093169544,48.86297447476678,59.96798371157231,0.7140502188593272,76.20679562299773,151,2020
55.7110476889697,50.49412015870018,60.92797521923922,0.7160127239339935,77.8073431193738,151,2021
55.173485024643625,49.78439662802968,60.56257342125757,0.6949240963130039,79.39498042645609,151,2022
52.2185882494374,46.8910672176319,57.546109281242906,0.6620666942715075,78.87209657464363,151,2023
51.693468670259826,45.7502380636142,57.63669927690545,0.6791461981710957,76.11537664418584,151,2024
51.840813748627234,46.22853210392864,57.453095393325825,0.7076236231126752,73.26043401517786,151,2025
