area_code,area_name,deprivation,excess_weight,hypertension_recorded,hypertension_undiagnosed,smoking,under75_cvd_mortality,under75_cvd_mortality_lci,under75_cvd_mortality_uci,under75_cvd_mortality_count,under75_cvd_mortality_denominator,undiagnosed_hypertension_pct,estimated_undiagnosed,undiagnosed_adult_population,deprivation_quintile,expected_deaths,funnel_poisson,funnel_status,Risk_score,Risk_flag,Outcome_score,Outcome_flag,n_domains_flagged,priority_area
E06000001,Hartlepool,37.58,72.76879,18.59032252,8.91,14.84866,78.0222367699671,60.7737146212632,98.6064854845128,71.0,85743.753,8.91,6680.0,74963.0,5,61.33136620583422,Within,Within limits,0.9138182299947006,True,0.5629139072847682,False,1,False
E06000002,Middlesbrough,40.037,69.69946,14.77189935,8.45,14.14834,99.268477519295,82.4320348095928,118.520457828103,123.0,143378.315,8.45,9634.0,114015.0,5,102.55660191641547,Above,Within limits,0.8480171347818407,True,0.8807947019867549,True,2,True
E06000003,Redcar and Cleveland,30.336,67.42723,20.19306512,9.21,13.82898,79.3176851303859,65.2924591536252,95.4391392280205,114.0,121231.089,9.21,10354.0,112438.0,5,86.71498569687148,Within,Within limits,0.74626832715068,False,0.5894039735099338,False,0,False
E06000004,Stockton-on-Tees,25.83,73.5222,17.13693935,8.89,11.35352,84.2116049320811,71.5539379999896,98.4574564203018,158.0,182862.368,8.89,14091.0,158532.0,4,130.79901992479873,Within,Within limits,0.774752693870341,False,0.6821192052980133,False,0,False
E06000005,Darlington,25.713,66.98695,18.40399958,8.97,7.90794,81.3042167525459,64.9798441248902,100.471161571691,86.0,99887.254,8.97,7935.0,88496.0,4,71.44802437524724,Within,Within limits,0.37204115880586464,False,0.6556291390728477,False,0,False
E06000006,Halton,31.117,73.08311,17.69262277,8.84,8.51658,101.518576097683,84.3391670687038,121.162728371743,123.0,119405.655,8.84,9199.0,104078.0,5,85.4092770333076,Above,Within limits,0.5926514750044162,False,0.9139072847682119,True,1,False
E06000007,Warrington,16.835,61.38666,16.407317,8.91,5.56155,79.6021415218081,67.5463280400087,93.1809339010983,156.0,191772.602,8.91,15418.0,173065.0,2,137.1723918068725,Within,Within limits,0.16035152799858682,False,0.609271523178808,False,0,False
E06000008,Blackburn with Darwen,36.899,67.04183,14.97806037,8.32,12.61806,107.890899176383,89.9694174137001,128.318643936711,129.0,146801.961,8.32,9956.0,119734.0,5,105.00549036879217,Above,Within limits,0.689498321851263,False,0.9470198675496688,True,1,False
E06000009,Blackpool,43.467,67.80599,19.43574369,9.01,20.84299,126.313047834482,107.935741945758,146.901130399866,171.0,127421.515,9.01,10482.0,116376.0,5,91.14291508755394,Above,Above limits,0.8235294117647058,True,0.9933774834437086,True,2,True
E06000010,Kingston upon Hull,37.206,69.60688,15.46043019,8.34,18.35604,127.498873399504,112.916541764993,143.435750839129,279.0,253718.349,8.34,17821.0,213588.0,5,181.48136081305717,Above,Above limits,0.8886680798445504,True,1.0,True,2,True
E06000011,East Riding of Yorkshire,15.755,68.26967,20.63088937,9.49,9.93972,61.8588431696445,54.2312047534493,70.250040722648,242.0,304317.285,9.49,27432.0,289159.0,2,217.6741068133584,Within,Within limits,0.5791821232997704,False,0.2781456953642384,False,0,False
E06000012,North East Lincolnshire,30.213,70.21321,17.1589335,8.99,17.30419,92.6459823880401,78.0088052192009,109.220191269326,143.0,140771.296,8.99,11495.0,127827.0,5,100.69183589673159,Within,Within limits,0.8918256491785903,True,0.7880794701986755,False,1,False
E06000013,North Lincolnshire,23.473,74.2103,18.30987402,9.13,13.70933,80.1375965825206,67.1608184493874,94.8784368857644,136.0,151158.122,9.13,12763.0,139793.0,3,108.12139439905513,Within,Within limits,0.9160925631513868,True,0.6291390728476821,False,1,False
E06000014,York,11.814,60.69212,14.39858394,8.27,6.6899,56.2694419823544,45.5596209964151,68.7358733743605,96.0,188465.498,8.27,14154.0,171156.0,1,134.80686429719162,Within,Within limits,0.15121003356297474,False,0.17218543046357615,False,0,False
E06000015,Derby,28.155,70.93728,14.18079804,8.36,10.81886,93.5812024076275,80.8264842124554,107.770887274473,194.0,246735.465,8.36,17471.0,209070.0,4,176.48659675395587,Above,Within limits,0.705242006712595,False,0.8013245033112583,True,1,False
E06000016,Leicester,34.449,61.79344,13.0193432,7.72,9.83322,110.969456307577,98.3220008605977,124.778684618636,285.0,371777.204,7.72,22359.0,289769.0,5,265.9272897175977,Above,Within limits,0.3729685567920862,False,0.9735099337748344,True,1,False
E06000017,Rutland,9.851,65.0026,19.91145287,9.24,5.00896,36.543216606158,20.2619710775764,60.5353851128475,15.0,35532.746,9.24,3203.0,34654.0,1,25.416100660124957,Within,Within limits,0.22560060060060058,False,0.006622516556291391,False,0,False
E06000018,Nottingham,33.747,71.78063,11.36793074,7.31,13.05747,99.7078201298038,86.4214109680517,114.442265689995,206.0,324178.741,7.31,19051.0,260712.0,5,231.88074215059473,Above,Within limits,0.8466922805158099,True,0.9006622516556292,True,2,True
E06000019,Herefordshire,18.762,64.60806,19.17636866,9.41,11.77124,62.6521496411804,52.2603324252882,74.4794159390094,132.0,165698.817,9.41,14840.0,157704.0,2,118.52216015434395,Within,Within limits,0.5603912736265677,False,0.304635761589404,False,0,False
E06000020,Telford and Wrekin,24.423,70.34588,16.07652564,8.66,6.79846,70.1020026109717,57.9412433134501,84.0550627112668,117.0,179168.039,8.66,12901.0,148987.0,3,128.15651552236332,Within,Within limits,0.4455484896661367,False,0.4105960264900662,False,0,False
E06000021,Stoke-on-Trent,33.614,73.6634,17.18341136,8.52,13.39655,99.3036070089237,86.3502510821645,113.647432193315,212.0,241354.106,8.52,17543.0,205826.0,5,172.63738222850745,Above,Within limits,0.8927751280692457,True,0.8874172185430463,True,2,True
E06000022,Bath and North East Somerset,12.281,51.87152,13.98508246,8.38,7.3494,51.8360070617227,41.4405364737486,64.0416467927831,86.0,182400.83,8.38,13475.0,160718.0,1,130.46888793144046,Below,Within limits,0.08008744038155803,False,0.09933774834437085,False,0,False
E06000023,Bristol,22.496,59.43528,11.24668526,7.66,12.61599,76.0626487929772,66.6810215350654,86.3793550663709,244.0,472885.985,7.66,29777.0,388773.0,3,338.2490561107307,Within,Within limits,0.5063813813813813,False,0.5231788079470199,False,0,False
E06000024,North Somerset,15.456,57.21518,17.62638644,9.22,8.67596,53.2864944138696,43.9737752428452,63.9845676622062,115.0,194367.305,9.22,16527.0,179245.0,1,139.0283483555481,Below,Within limits,0.21062974739445328,False,0.12582781456953643,False,0,False
E06000025,South Gloucestershire,11.614,67.21369,15.91308338,8.64,7.32824,51.8037509953146,43.2249715688853,61.5822458094628,129.0,279239.176,8.64,20548.0,237895.0,1,199.73606896203148,Below,Within limits,0.34141494435612085,False,0.09271523178807947,False,0,False
E06000026,Plymouth,24.087,70.33363,15.83871423,8.48,16.70963,84.0956555602173,72.6150220455749,96.871457036494,193.0,246360.52,8.48,18535.0,218685.0,3,176.2184035818883,Within,Within limits,0.8916048401342519,True,0.6754966887417219,False,1,False
E06000027,Torbay,26.917,67.52155,19.87399732,9.43,10.14433,88.7706200777823,74.0513640744423,105.523085680352,132.0,120257.648,9.43,11055.0,117230.0,4,86.01869629546432,Within,Within limits,0.5502119766825649,False,0.7417218543046358,False,0,False
E06000030,Swindon,17.554,67.95853,15.87290415,8.63,9.26734,66.6728675680068,55.7946306180807,79.0416778599835,134.0,222232.83,8.63,16187.0,187563.0,2,158.96018780154048,Within,Within limits,0.5189233350998057,False,0.3841059602649007,False,0,False
E06000031,Peterborough,27.799,73.86026,13.4356603,8.29,15.09301,91.3937150775776,77.2476033366461,107.364665830066,150.0,208079.821,8.29,13941.0,168249.0,4,148.83672868617538,Within,Within limits,0.9533651298357181,True,0.7748344370860927,False,1,False
E06000032,Luton,29.548,69.17487,12.5278004,7.96,10.63158,95.4765605483871,80.2860079563416,112.65518515797,146.0,223443.221,7.96,13738.0,172541.0,4,159.82596438672505,Above,Within limits,0.6457560501678149,False,0.8278145695364238,True,1,False
E06000033,Southend-on-Sea,24.027,58.22526,15.74238711,8.82,8.42612,66.4166370709684,54.2940326182048,80.4333624188738,105.0,164163.777,8.82,12925.0,146591.0,3,117.42416645700015,Within,Within limits,0.19678502031443207,False,0.37748344370860926,False,0,False
E06000034,Thurrock,21.032,71.31301,15.04423386,8.29,13.98306,77.7567450432523,63.0396053198094,94.8349283713808,100.0,169813.148,8.29,11304.0,136397.0,3,121.46508640172918,Within,Within limits,0.8672937643525879,True,0.5562913907284768,False,1,False
E06000035,Medway,24.354,67.95788,15.44870578,8.56,11.18353,87.5442533052462,75.8893086909383,100.476000027729,204.0,265313.175,8.56,19076.0,222857.0,3,189.77498565006343,Within,Within limits,0.6338986044868398,False,0.7284768211920529,False,0,False
E06000036,Bracknell Forest,10.084,67.29961,14.61562537,8.52,11.50185,50.5882018368252,37.9266068925031,66.0988648491983,54.0,121049.986,8.52,8567.0,100539.0,1,86.58544512947908,Within,Within limits,0.6183315668609786,False,0.0728476821192053,False,0,False
E06000037,West Berkshire,11.049,58.65842,15.96882592,9.0,8.02176,62.5850481208956,50.5516565478666,76.6148279099766,94.0,146460.727,9.0,11808.0,131263.0,1,104.76141022669853,Within,Within limits,0.1795619148560325,False,0.2980132450331126,False,0,False
E06000038,Reading,18.558,62.76459,12.28613083,7.83,9.28239,79.3739557409964,63.8949672382053,97.420970893285,94.0,171106.837,7.83,11010.0,140631.0,2,122.39044493852498,Within,Within limits,0.35901342518989576,False,0.5960264900662252,False,0,False
E06000039,Slough,22.967,65.28502,12.65477696,7.9,6.81497,91.1921132590067,73.0709863096476,112.354944376042,92.0,157459.786,7.9,9407.0,119021.0,3,112.62889085177189,Within,Within limits,0.27572425366543013,False,0.7682119205298014,False,0,False
E06000040,Windsor and Maidenhead,8.881,59.33745,14.00326338,8.87,6.65133,51.0674172173008,39.6731907560572,64.7001051112421,69.0,140494.691,8.87,11029.0,124302.0,1,100.49398401883018,Below,Within limits,0.12822381204734146,False,0.08609271523178808,False,0,False
E06000041,Wokingham,6.102,57.52436,13.87954952,8.75,7.09432,48.6675690999546,37.9940713209529,61.3894315256906,72.0,173578.097,8.75,12391.0,141576.0,1,124.15810435098189,Below,Within limits,0.1091679915209327,False,0.052980132450331126,False,0,False
E06000042,Milton Keynes,18.503,68.03518,13.77033348,8.37,10.99528,55.5936323272628,46.3142673837194,66.1761194773201,128.0,283088.654,8.37,18907.0,225999.0,2,202.48954938082423,Below,Within limits,0.630299417064123,False,0.152317880794702,False,0,False
E06000043,Brighton and Hove,20.266,55.19073,10.54989475,8.03,12.22984,61.5953619575308,51.285788417841,73.3466970114847,129.0,269202.766,8.03,18852.0,234907.0,3,192.55715836428922,Within,Within limits,0.4173732556085497,False,0.271523178807947,False,0,False
E06000044,Portsmouth,26.378,65.47723,13.26741828,8.02,10.54247,89.0565307702806,74.8870191300326,105.108236845697,142.0,199998.154,8.02,13638.0,169947.0,4,143.05601976000315,Within,Within limits,0.4950980392156863,False,0.7483443708609272,False,0,False
E06000045,Southampton,25.611,65.8341,11.91796471,7.81,11.95351,92.939019505691,79.252902453335,108.292430391162,167.0,249210.24,7.81,15869.0,203169.0,4,178.2567703991664,Above,Within limits,0.6130100688924218,False,0.7947019867549668,False,0,False
E06000046,Isle of Wight,24.599,58.88642,20.98038812,9.63,9.93304,78.4446058765881,65.5527731640756,93.0958969004139,135.0,119670.898,9.63,11565.0,120043.0,4,85.59900182371345,Within,Within limits,0.30782988871224165,False,0.5761589403973509,False,0,False
E06000047,County Durham,28.808,69.33833,19.34399407,8.93,8.84123,79.5900064599173,72.052009459143,87.6977267493685,414.0,484907.453,8.93,38728.0,433443.0,4,346.8478522963807,Within,Within limits,0.5510510510510511,False,0.6026490066225165,False,0,False
E06000049,Cheshire East,14.169,61.09178,17.32104425,9.17,6.37971,64.7589822007974,57.1364236223492,73.1119032904309,263.0,370934.432,9.17,30373.0,331077.0,1,265.32446611410995,Within,Within limits,0.15741476770888535,False,0.33774834437086093,False,0,False
E06000050,Cheshire West and Chester,17.736,66.94348,16.96761635,8.96,9.42711,73.7339970117927,64.9616274535501,83.3571596575585,257.0,330987.603,8.96,26534.0,296107.0,2,236.75103058743272,Within,Within limits,0.4768812930577636,False,0.47019867549668876,False,0,False
E06000051,Shropshire,17.604,63.99818,18.75676442,9.35,6.05675,56.9812734360682,49.380797768268,65.4100967242407,206.0,289902.753,9.35,25575.0,273433.0,2,207.3635837741148,Below,Within limits,0.21274951422010246,False,0.17880794701986755,False,0,False
E06000052,Cornwall,22.321,69.0082,18.07098356,9.31,11.45163,67.8484659837331,61.4479861378631,74.7284937978577,421.0,516595.081,9.31,44609.0,479008.0,3,369.5135911877288,Within,Within limits,0.6932741565094507,False,0.3973509933774834,False,0,False
E06000053,Isles of Scilly,12.65,60.29944,,8.96,,,,,,,8.96,174.0,1943.0,1,,,,0.24183006535947713,False,,False,0,False
E06000054,Wiltshire,13.608,64.32114,16.9170954,9.09,8.40756,54.1465510473068,47.9690705477746,60.8967782906551,280.0,464436.827,9.09,38382.0,422138.0,1,332.2054857595594,Below,Within limits,0.3241255961844197,False,0.1390728476821192,False,0,False
E06000055,Bedford,19.747,72.85574,15.22797438,8.59,12.42026,73.0875154461655,60.3323259198972,87.7313274237197,116.0,178722.743,8.59,12770.0,148716.0,2,127.83800121560104,Within,Within limits,0.8326267443914503,True,0.4503311258278146,False,1,False
E06000056,Central Bedfordshire,13.102,65.216,15.17109316,8.81,9.45154,50.7306985490894,42.537041376769,60.0382008148726,136.0,289686.855,8.81,20965.0,237913.0,1,207.2091548059647,Below,Within limits,0.43135046811517397,False,0.07947019867549669,False,0,False
E06000057,Northumberland,21.963,73.32051,20.03550715,9.45,8.01764,63.8018688592782,55.7269903640991,72.7013825755875,233.0,287431.972,9.45,25512.0,269861.0,3,205.59626698398762,Within,Within limits,0.5552685037979156,False,0.32450331125827814,False,0,False
E06000058,"Bournemouth, Christchurch and Poole",17.513,64.76435,15.50332893,8.78,9.12766,60.1891918004122,52.5051997841573,68.680098929944,221.0,363575.474,8.78,29399.0,334845.0,2,260.0607013242558,Within,Within limits,0.3913619501854796,False,0.23841059602649006,False,0,False
E06000059,Dorset,16.268,66.28083,19.7367431,9.65,9.86385,47.2954421583092,40.8497238415771,54.4454660557684,205.0,325561.87,9.65,31239.0,323653.0,2,232.8700759299187,Below,Within limits,0.48419007242536655,False,0.046357615894039736,False,0,False
E06000060,Buckinghamshire UA,11.921,63.14703,15.11209958,8.88,8.28301,51.9676402618927,45.7742651064086,58.7629161693401,256.0,517059.168,8.88,39540.0,445475.0,1,369.8455464468876,Below,Within limits,0.2976505917682388,False,0.10596026490066225,False,0,False
E06000061,North Northamptonshire,18.472,73.58453,16.5841115,8.78,12.11286,75.0975449625579,65.927145260434,85.18394922977,243.0,339316.031,8.78,25477.0,290048.0,2,242.70824437520483,Within,Within limits,0.8354531001589824,True,0.5033112582781457,False,1,False
E06000062,West Northamptonshire,16.654,63.03943,15.25192326,8.63,8.9978,66.1323143143973,58.0265502708168,75.0494999092598,242.0,405056.418,8.63,29727.0,344495.0,2,289.7314689080785,Within,Within limits,0.3519254548666313,False,0.36423841059602646,False,0,False
E06000063,Cumberland,23.807,67.3656,18.24906328,9.23,,81.666009241889,71.462126351027,92.9049452124492,236.0,244562.623,9.23,21074.0,228355.0,3,174.93239176820703,Within,Within limits,0.6078431372549019,False,0.6622516556291391,False,0,False
E06000064,Westmorland and Furness,17.836,58.55547,18.15148637,9.42,,57.6028238333647,48.4525638483706,67.9594922609885,144.0,198606.421,9.42,18150.0,192711.0,2,142.0605316539047,Within,Within limits,0.1568627450980392,False,0.19205298013245034,False,0,False
E06000065,North Yorkshire UA,15.799,66.24252,19.05007469,9.38,,60.2128162792045,54.4624691539556,66.39887237714,412.0,552038.175,9.38,48732.0,519471.0,2,394.86556496454506,Below,Within limits,0.5294117647058824,False,0.24503311258278146,False,0,False
E06000066,Somerset UA,19.137,68.42692,18.72762864,9.29,11.29431,58.5078794019964,52.5424639811782,64.9596354093077,358.0,511409.985,9.29,44294.0,476685.0,2,365.8047609760584,Below,Within limits,0.6635311782370605,False,0.2052980132450331,False,0,False
E08000001,Bolton,31.41,67.90995,14.75612605,8.61,11.45131,99.1910439501809,87.0744345977451,112.517946184142,243.0,278897.398,8.61,20030.0,232630.0,5,199.49159970397255,Above,Within limits,0.640876170287935,False,0.8741721854304636,True,1,False
E08000002,Bury,24.008,65.43822,15.16655621,8.77,10.75235,89.8652737544427,75.9769376678836,105.551607517267,149.0,178011.336,8.77,13592.0,155018.0,3,127.32914124957655,Within,Within limits,0.5188570923865041,False,0.7549668874172185,False,0,False
E08000003,Manchester,38.677,60.91504,10.51286967,7.26,15.61293,118.316887785445,106.620837834225,130.92363014321,391.0,582195.912,7.26,31746.0,436973.0,5,416.4369931697723,Above,Above limits,0.6104486839780957,False,0.9801324503311258,True,1,False
E08000004,Oldham,36.83,68.11004,14.68130078,8.45,10.03682,99.3312993435112,85.679854041745,114.531335145955,191.0,228565.117,8.45,15814.0,187253.0,5,163.4895884788988,Above,Within limits,0.5860492845786964,False,0.8940397350993378,True,1,False
E08000005,Rochdale,34.331,68.07408,15.62033151,8.57,11.76449,104.649295188967,90.5780688854142,120.282407952648,199.0,214573.171,8.57,15017.0,175318.0,5,153.48133558544015,Above,Within limits,0.6876214449743862,False,0.9403973509933775,True,1,False
E08000006,Salford,32.345,67.89255,12.41488956,7.86,11.57146,118.993880984967,103.576803498823,136.041670761523,218.0,279487.336,7.86,17124.0,217855.0,5,199.91357450972595,Above,Above limits,0.6545000883236177,False,0.9867549668874173,True,1,False
E08000007,Stockport,18.404,61.76949,16.16415894,8.93,8.72358,74.4875617037816,64.4594759991263,85.6317241203963,198.0,271398.435,8.93,21378.0,239419.0,2,194.12769119955942,Within,Within limits,0.3122681505034446,False,0.48344370860927155,False,0,False
E08000008,Tameside,29.836,68.84076,17.38386542,8.73,13.64632,104.137992849318,90.498542028586,119.245224977164,211.0,216644.442,8.73,16181.0,185353.0,4,154.96288818569224,Above,Within limits,0.8014926691397279,True,0.9337748344370861,True,2,True
E08000009,Trafford,14.972,63.15214,15.13817736,8.76,7.40675,68.3780282479784,57.3243641449436,80.9343265553759,136.0,219141.217,8.76,16355.0,186742.0,1,156.7487981383225,Within,Within limits,0.2502428899487723,False,0.40397350993377484,False,0,False
E08000010,Wigan,25.206,73.73457,18.04209348,8.87,11.1201,109.610249084243,98.1342135958211,122.056418780027,334.0,308832.419,8.87,23874.0,269268.0,4,220.903722116323,Above,Within limits,0.7710431019254549,False,0.9602649006622517,True,1,False
E08000011,Knowsley,36.157,74.57652,16.70344926,8.65,12.31924,84.0419082551225,69.7935268212387,100.325638068405,124.0,150432.39,8.65,10791.0,124681.0,5,107.60228795104031,Within,Within limits,0.8684640522875817,True,0.6688741721854304,False,1,False
E08000012,Liverpool,37.11,67.9426,13.99326085,7.99,11.87233,87.6822309085363,78.6294597053852,97.4874362946624,345.0,487110.099,7.99,32110.0,401858.0,5,348.423375686963,Above,Within limits,0.6846846846846847,False,0.7350993377483444,False,0,False
E08000013,St. Helens,28.953,68.5681,18.67256985,8.95,11.68906,95.7665098034397,81.7070414682317,111.544239028571,166.0,168273.243,8.95,13498.0,150819.0,4,120.36361283458551,Above,Within limits,0.6970941529765059,False,0.8344370860927153,True,1,False
E08000014,Sefton,25.15,70.26919,18.74546952,9.19,10.66028,73.1413733933691,63.4536931647408,83.879496362904,208.0,250096.422,9.19,21393.0,232797.0,4,178.89064459834006,Within,Within limits,0.6754990284402049,False,0.45695364238410596,False,0,False
E08000015,Wirral,27.473,71.78694,18.0302807,9.1,11.95192,74.4966835314871,65.3081512772777,84.6110911338396,239.0,288455.377,9.1,23902.0,262658.0,4,206.32829497011838,Within,Within limits,0.795906200317965,False,0.4900662251655629,False,0,False
E08000016,Barnsley,30.057,74.36011,18.1597312,8.91,12.49432,75.0530565052382,64.2810880749442,87.1050529729246,175.0,227159.963,8.91,17823.0,200116.0,4,162.4845005099876,Within,Within limits,0.8686848613319201,True,0.4966887417218543,False,1,False
E08000017,Doncaster,30.523,71.46759,16.94470364,8.86,14.05206,101.219968967788,89.9177819165432,113.545391896479,293.0,286320.432,8.86,22296.0,251541.0,5,204.80119720447334,Above,Within limits,0.8739401165871754,True,0.9072847682119205,True,2,True
E08000018,Rotherham,29.836,72.54684,17.5881017,8.85,13.45071,77.5949534628837,66.9217824124761,89.4822399743151,190.0,244461.039,8.85,19118.0,215969.0,4,174.85973008398318,Within,Within limits,0.8700097155979509,True,0.5496688741721855,False,1,False
E08000019,Sheffield,27.574,67.41883,13.99761584,8.22,11.47941,86.02565795684,77.6003007233834,95.113245000462,384.0,543235.183,8.22,37399.0,454955.0,4,388.5689018588488,Above,Within limits,0.6247571100512277,False,0.695364238410596,False,0,False
E08000021,Newcastle upon Tyne,28.834,64.80788,12.43239117,7.76,10.40467,97.0997992447186,84.6026199853986,110.915653015741,219.0,300884.522,7.76,19149.0,246852.0,4,215.21869709212967,Above,Within limits,0.46219749160925633,False,0.8543046357615894,True,1,False
E08000022,North Tyneside,20.932,61.08367,17.91496335,9.0,9.30667,79.9987259449628,68.2353955473621,93.2043293074852,165.0,193123.414,9.0,15470.0,171809.0,3,138.13860966588356,Within,Within limits,0.3264440911499735,False,0.6225165562913907,False,0,False
E08000023,South Tyneside,31.061,74.38226,17.21922256,9.03,14.91128,96.514576563606,81.0709530468312,114.025269666892,140.0,134725.719,9.03,10965.0,121398.0,5,96.36751506938725,Within,Within limits,0.9564122946475888,True,0.847682119205298,True,2,True
E08000024,Sunderland,32.76,76.99564,18.89958064,8.93,9.44932,86.4996168284442,75.6465015382505,98.4661401799819,231.0,253597.923,8.93,20208.0,226331.0,5,181.39522169681504,Within,Within limits,0.6959459459459459,False,0.7152317880794702,False,0,False
E08000025,Birmingham,38.115,67.55141,12.6351226,7.89,12.16206,94.3209058331491,87.599710882496,101.416884052618,745.0,1112321.456,7.89,70178.0,888942.0,5,795.6287445983701,Above,Within limits,0.6885046811517399,False,0.8211920529801324,True,1,False
E08000026,Coventry,27.528,66.8232,12.79734242,7.99,10.64863,93.7842205127278,82.0241598999426,106.745260210179,233.0,358897.696,7.99,22026.0,275710.0,4,256.71474893111065,Above,Within limits,0.5479376435258788,False,0.8079470198675497,True,1,False
E08000027,Dudley,23.174,72.21088,18.16927648,8.85,11.69139,86.2433661201335,75.8611067710608,97.6472897010103,250.0,294318.477,8.85,23264.0,262749.0,3,210.52209242614325,Within,Within limits,0.7789039039039038,False,0.7019867549668874,False,0,False
E08000028,Sandwell,33.772,75.10342,15.31888468,8.33,16.83072,108.221391053822,95.892438525748,121.684949540786,284.0,326676.744,8.33,22176.0,266323.0,5,233.66753047529374,Above,Within limits,0.9832185126302774,True,0.9536423841059603,True,2,True
E08000029,Solihull,17.04,61.09359,15.76377946,8.97,10.018,58.7066776715036,48.4069184927759,70.545851963004,114.0,195610.798,8.97,15702.0,174999.0,2,139.91780236110571,Within,Within limits,0.3735205794029324,False,0.2119205298013245,False,0,False
E08000030,Walsall,31.732,69.5795,16.09747199,8.56,14.58445,90.4051301067359,78.5144072655448,103.581907588885,209.0,266287.718,8.56,19114.0,223422.0,5,190.47206329741496,Above,Within limits,0.8516163222045575,True,0.7615894039735099,False,1,False
E08000031,Wolverhampton,32.552,65.25951,14.99424744,8.49,13.27764,99.0892701097563,86.2893814784779,113.246334560679,217.0,255372.694,8.49,17727.0,208839.0,5,182.6646917902514,Above,Within limits,0.6508346581875993,False,0.8675496688741722,True,1,False
E08000032,Bradford,36.713,64.48227,14.77554021,8.33,12.61119,102.483037781382,93.1521159002138,112.492411858142,446.0,521199.712,8.33,35204.0,422415.0,5,372.80722250456347,Above,Within limits,0.5976638403108991,False,0.9205298013245033,True,1,False
E08000033,Calderdale,27.582,70.42395,15.7550572,8.9,13.18626,93.9450626786052,80.6711363512273,108.772894388679,180.0,188707.248,8.9,14866.0,166959.0,4,134.9797848571333,Above,Within limits,0.8271948419007242,True,0.8145695364238411,True,2,True
E08000034,Kirklees,25.805,68.10688,15.8453423,8.63,12.64778,96.3145420958675,86.6356215821905,106.77686241307,363.0,406449.856,8.63,29932.0,346811.0,4,290.72817657800204,Above,Within limits,0.7517002296414061,False,0.8410596026490066,True,1,False
E08000035,Leeds,24.115,65.049,13.91907339,8.12,12.78246,79.8754388535837,72.9696244966797,87.2559338679332,497.0,791507.326,8.12,53306.0,656202.0,3,566.1546639497645,Within,Within limits,0.6308956014838368,False,0.6158940397350994,False,0,False
E08000036,Wakefield,27.247,73.21434,17.32177123,8.84,11.53775,87.4078277065111,77.5718243827323,98.1424000755943,288.0,334662.591,8.84,25442.0,287947.0,4,239.37970062978607,Above,Within limits,0.7851086380498145,False,0.7218543046357616,False,0,False
E08000037,Gateshead,28.128,70.46156,18.11855634,8.9,8.26174,91.6264261723812,78.165399608721,106.732575789851,166.0,179188.38,8.9,14392.0,161784.0,4,128.1710651691463,Within,Within limits,0.523030383324501,False,0.7814569536423841,False,0,False
E09000001,City of London,10.21,51.07349,9.735242608,7.94,,,,,,,7.94,644.0,8108.0,1,,,,0.0392156862745098,False,,False,0,False
E09000002,Barking and Dagenham,30.266,71.65536,12.36754053,7.74,15.38472,110.566111455956,92.0852703676935,131.530051698181,139.0,219211.31,7.74,12522.0,161833.0,5,156.79893472904843,Above,Within limits,0.9109918742271683,True,0.9668874172185431,True,2,True
E09000003,Barnet,19.499,53.34249,12.13379906,8.29,8.46143,48.8532846403654,41.1593577746458,57.5578645498923,145.0,376571.257,8.29,25643.0,309289.0,2,269.3564120718895,Below,Within limits,0.16094771241830064,False,0.06622516556291391,False,0,False
E09000004,Bexley,15.302,70.54951,15.08076392,8.56,7.18879,81.1663974797201,69.1024303674861,94.7191345855524,163.0,231130.539,8.56,16796.0,196129.0,1,165.3246007176855,Within,Within limits,0.4654875463698993,False,0.6490066225165563,False,0,False
E09000005,Brent,30.046,58.15166,10.82081347,7.93,10.63977,72.8525971519359,62.559303342562,84.3334728557884,185.0,337689.226,7.93,21771.0,274588.0,4,241.54461239375325,Within,Within limits,0.33540893835011476,False,0.4370860927152318,False,0,False
E09000006,Bromley,12.673,59.9997,13.86781358,8.75,6.57246,53.1043123412393,44.7817255875598,62.5161222642708,146.0,302790.194,8.75,23192.0,265195.0,1,216.58179893000008,Below,Within limits,0.13464935523759053,False,0.11920529801324503,False,0,False
E09000007,Camden,23.695,48.90008,8.70994399,7.53,11.71777,62.2375960002856,49.6768012137033,76.9583838041075,88.0,225805.705,7.53,13459.0,178637.0,3,161.51581777300524,Within,Within limits,0.35090973326267444,False,0.2847682119205298,False,0,False
E09000008,Croydon,22.562,61.35185,13.1778131,8.28,12.61422,75.1166196515585,65.5569733009796,85.6614865245742,229.0,375705.164,8.28,25728.0,310583.0,3,268.7369072672502,Within,Within limits,0.5422186892775128,False,0.5099337748344371,False,0,False
E09000009,Ealing,25.947,59.03182,12.87573407,8.09,7.42233,60.7393234102423,51.7712658235018,70.7930043498656,169.0,361368.712,8.09,23896.0,295424.0,4,258.48223381361254,Within,Within limits,0.15231407878466702,False,0.2582781456953642,False,0,False
E09000010,Enfield,29.888,62.97327,13.89907919,8.26,13.67576,71.9380032272646,61.6152398919645,83.4763877345371,178.0,308692.394,8.26,21281.0,257495.0,4,220.80356409602996,Within,Within limits,0.6055246422893482,False,0.41721854304635764,False,0,False
E09000011,Greenwich,23.539,59.1521,12.7314857,7.86,8.63664,81.0402210744882,68.5324802086388,95.1173349521083,158.0,291279.997,7.86,18103.0,230358.0,3,208.34870809120395,Within,Within limits,0.23993110757816638,False,0.6423841059602649,False,0,False
E09000012,Hackney,31.795,56.09263,9.16287281,7.33,15.04581,80.8659799843757,66.9815127373215,96.7002743699604,128.0,281613.248,7.33,15423.0,210302.0,5,201.4342110906017,Within,Within limits,0.5251501501501501,False,0.6357615894039735,False,0,False
E09000013,Hammersmith and Fulham,21.202,45.58075,7.692775674,7.47,12.02043,62.9164997979669,49.216831766102,79.1684371525128,76.0,187183.028,7.47,11569.0,154843.0,3,133.8895305618932,Within,Within limits,0.371290408055114,False,0.31125827814569534,False,0,False
E09000014,Haringey,30.856,56.03712,11.08362354,7.9,18.95799,76.8490323985198,64.4714588516511,90.8585168693078,144.0,257429.194,7.9,17078.0,216102.0,5,184.13567889064458,Within,Within limits,0.548909203320968,False,0.5364238410596026,False,0,False
E09000015,Harrow,17.527,53.60657,13.80985801,8.36,8.60527,61.0085438527321,50.7727169916269,72.6940187288205,126.0,251143.948,8.36,17534.0,209821.0,2,179.63992601498313,Within,Within limits,0.17772919978802332,False,0.26490066225165565,False,0,False
E09000016,Havering,16.755,61.88852,14.67475197,8.59,8.17445,72.9818005163338,61.9647772214447,85.3858407249551,157.0,247904.958,8.59,18029.0,209766.0,2,177.32311954364712,Within,Within limits,0.26475004416180886,False,0.44370860927152317,False,0,False
E09000017,Hillingdon,20.653,62.65492,13.50709553,8.19,10.5563,73.4994440995565,62.6740740512738,85.635273454589,169.0,305062.443,8.19,19760.0,241286.0,3,218.20710842082494,Within,Within limits,0.4233130189012542,False,0.46357615894039733,False,0,False
E09000018,Hounslow,24.859,60.97686,12.71233927,8.12,8.12518,64.5313099821066,53.9961625920513,76.4874499830079,138.0,286983.814,8.12,18596.0,228965.0,4,205.27570552668735,Within,Within limits,0.23195990107754813,False,0.33112582781456956,False,0,False
E09000019,Islington,26.651,49.83933,8.062929229,7.37,9.10449,76.2674108757079,61.6631029664489,93.1774610761277,103.0,229806.67,7.37,13559.0,184051.0,4,164.37765482825668,Within,Within limits,0.18863716657834304,False,0.5298013245033113,False,0,False
E09000020,Kensington and Chelsea,20.339,39.9692,9.429491958,8.11,8.39171,41.9304675133865,30.7431082757265,55.806471895907,48.0,146104.552,8.11,10056.0,124035.0,3,104.5066429860068,Below,Within limits,0.11813283872107402,False,0.013245033112582781,False,0,False
E09000021,Kingston upon Thames,11.063,55.1374,11.016984,8.29,7.80942,44.0055288058227,33.2079348176018,57.1607570662436,57.0,162457.741,8.29,11229.0,135519.0,1,116.2038615949499,Below,Within limits,0.12356474121180004,False,0.019867549668874173,False,0,False
E09000022,Lambeth,23.041,51.40355,9.913092438,7.4,10.67146,86.3862999721227,73.0074892811417,101.432561437006,160.0,316838.21,7.4,19922.0,269344.0,3,226.63015794877802,Within,Within limits,0.29979243949832185,False,0.7086092715231788,False,0,False
E09000023,Lewisham,25.472,58.64016,11.46105688,7.79,8.82842,103.957816096256,89.623611317607,119.866425028126,203.0,294412.242,7.79,18873.0,242195.0,4,210.58916128365283,Above,Within limits,0.24048313018901252,False,0.9271523178807947,True,1,False
E09000024,Merton,14.384,60.17755,11.2730925,8.18,6.14595,59.0696035484309,47.476876630832,72.5968172592044,93.0,206563.363,8.18,14168.0,173212.0,1,147.7520264463076,Within,Within limits,0.13116057233704292,False,0.2251655629139073,False,0,False
E09000025,Newham,31.583,61.9076,10.50679431,7.36,11.01999,98.3710476627194,84.2728180149268,114.059744886391,193.0,375849.793,7.36,20333.0,276319.0,5,268.84035846751414,Above,Within limits,0.4572072072072072,False,0.8609271523178808,True,1,False
E09000026,Redbridge,19.854,60.76359,11.8539152,8.07,8.49993,67.3003508316498,56.7784439426333,79.1795767153613,150.0,304349.759,8.07,19539.0,241977.0,2,217.69733503368337,Within,Within limits,0.25582935877053525,False,0.39072847682119205,False,0,False
E09000027,Richmond upon Thames,9.532,43.11431,10.69207227,8.76,9.26874,48.801616672204,38.7037182306587,60.704163437879,82.0,181179.684,8.76,13677.0,156059.0,1,129.59541843778783,Below,Within limits,0.18896838014485073,False,0.059602649006622516,False,0,False
E09000028,Southwark,23.328,52.12476,10.98295807,7.43,6.7927,63.0598449716642,51.8067008676152,75.9345884502855,122.0,320057.512,7.43,19001.0,255616.0,3,228.93288185554675,Within,Within limits,0.06308514396749691,False,0.31788079470198677,False,0,False
E09000029,Sutton,13.85,65.64052,13.61864122,8.53,8.70997,56.0429865113171,44.9296619183104,69.0441578480484,90.0,198910.06,8.53,14143.0,165722.0,1,142.27772059247812,Within,Within limits,0.4036610139551316,False,0.15894039735099338,False,0,False
E09000030,Tower Hamlets,30.554,55.57481,7.656048011,6.75,14.16057,78.3782638930214,64.0640111766168,94.7830430040635,119.0,353590.265,6.75,17216.0,255045.0,5,252.9184141208861,Within,Within limits,0.5017223105458399,False,0.5695364238410596,False,0,False
E09000031,Waltham Forest,23.453,59.35304,11.37771573,7.92,7.44542,85.8943645578253,72.6744179482194,100.773046157921,158.0,272809.092,7.92,17572.0,221902.0,3,195.13671539118565,Within,Within limits,0.17541070482246954,False,0.6887417218543046,False,0,False
E09000032,Wandsworth,15.157,51.26103,8.772115334,7.4,8.51396,66.2546976715426,54.8074518846166,79.3371560802752,124.0,329798.496,7.4,20309.0,274437.0,1,235.90047816439002,Within,Within limits,0.1546325737502208,False,0.3708609271523179,False,0,False
E09000033,Westminster,23.931,56.17029,7.800684097,7.69,14.07864,44.2205167512979,33.9957122629458,56.4868539015391,67.0,216546.1,7.69,13761.0,178957.0,3,154.8925454609527,Below,Within limits,0.5047694753577107,False,0.026490066225165563,False,0,False
E10000003,Cambridgeshire,13.328,56.77428,14.1073858,8.6,9.98371,56.061444684657,50.2501968170628,62.3594005489912,340.0,648628.916,8.6,48290.0,561459.0,1,463.9556374315606,Below,Within limits,0.2884428546193252,False,0.16556291390728478,False,0,False
E10000007,Derbyshire,19.386,66.32148,18.54894528,9.16,8.87015,71.9512370873851,66.2305312974067,78.0317446718051,590.0,727727.224,9.16,60641.0,662088.0,2,520.5336052073573,Within,Within limits,0.43678237060589997,False,0.423841059602649,False,0,False
E10000008,Devon,17.722,61.30637,17.86224212,9.26,11.76474,52.8653223799323,48.1749216676712,57.8854263477027,476.0,736604.246,9.26,63561.0,686240.0,2,526.8832209875208,Below,Within limits,0.4916534181240063,False,0.11258278145695365,False,0,False
E10000011,East Sussex,21.23,63.33498,18.35205019,9.39,11.24235,64.9622360590222,58.551285988824,71.8784575605269,382.0,481480.628,9.39,42907.0,456741.0,3,344.3966899475819,Within,Within limits,0.49675410704822465,False,0.3443708609271523,False,0,False
E10000012,Essex,17.703,67.53016,16.06471217,8.92,9.74588,65.2665812872005,61.0818211111892,69.6621075614701,908.0,1388521.617,8.92,109432.0,1227267.0,2,993.1910465470773,Within,Within limits,0.526452923511747,False,0.3509933774834437,False,0,False
E10000013,Gloucestershire,15.146,66.23975,16.4889111,9.01,8.2953,62.2552524623028,56.2673254212633,68.7051296363773,398.0,593446.508,9.01,48121.0,533892.0,1,424.484394865729,Within,Within limits,0.3729243949832185,False,0.2913907284768212,False,0,False
E10000014,Hampshire,12.777,63.65222,17.4393186,9.05,7.74469,53.5443665077851,49.7248656743616,57.578788516041,732.0,1273491.573,9.05,104681.0,1156536.0,1,910.911585870365,Below,Within limits,0.27704910793146087,False,0.13245033112582782,False,0,False
E10000015,Hertfordshire,13.007,63.09467,14.15572049,8.67,8.01424,57.6419489031206,53.0315509777304,62.5441112928482,583.0,1119220.217,8.67,83354.0,961608.0,1,800.5633365943319,Below,Within limits,0.2741123476417594,False,0.1986754966887417,False,0,False
E10000016,Kent,20.7,66.53251,16.3924876,8.88,10.83594,66.1131826970267,62.0051961667876,70.421380945264,968.0,1467053.733,8.88,113613.0,1279441.0,3,1049.36402471512,Within,Within limits,0.5615615615615616,False,0.3576158940397351,False,0,False
E10000017,Lancashire,23.56,68.59317,17.14800477,8.89,9.46469,78.8778459413302,73.9059823749858,84.095167423126,944.0,1153470.698,8.89,90159.0,1014221.0,3,825.062250152932,Within,Within limits,0.5719837484543367,False,0.5827814569536424,False,0,False
E10000018,Leicestershire,12.809,67.32553,17.09920217,8.89,7.3645,60.4867562519387,54.7957181120887,66.6073845406921,415.0,669149.621,8.89,52293.0,587926.0,1,478.6338248110761,Below,Within limits,0.3547076488252959,False,0.25165562913907286,False,0,False
E10000019,Lincolnshire,22.239,69.08343,18.91970144,9.11,14.37542,74.3628285289526,68.4572011236001,80.6382713353393,595.0,697656.373,9.11,58430.0,641467.0,3,499.0243254024241,Within,Within limits,0.8384340222575517,True,0.4768211920529801,False,1,False
E10000020,Norfolk,21.179,65.13536,17.89494474,9.12,8.68485,57.4079886778412,52.655474671731,62.4719349112328,545.0,828410.192,9.12,70210.0,769530.0,3,592.5507932245215,Below,Within limits,0.37740681858328917,False,0.18543046357615894,False,0,False
E10000024,Nottinghamshire,18.599,68.50976,16.98595768,9.02,10.31852,76.9759778437029,70.9867651409162,83.3341964359388,614.0,760926.186,9.02,61362.0,680362.0,2,544.2803812095177,Within,Within limits,0.6026099629040805,False,0.543046357615894,False,0,False
E10000025,Oxfordshire,11.189,59.15243,13.67362222,8.52,7.45264,46.4862842465389,41.3242738307724,52.1131450052182,296.0,699048.489,8.52,50837.0,596829.0,1,500.020087463329,Below,Within limits,0.1722531354884296,False,0.033112582781456956,False,0,False
E10000028,Staffordshire,16.513,68.64717,18.03102168,9.08,12.56745,75.2772767256281,69.5666264533198,81.3301115076203,648.0,797671.672,9.08,66114.0,728022.0,2,570.5639386632876,Within,Within limits,0.7576841547429782,False,0.5165562913907285,False,0,False
E10000029,Suffolk,18.849,66.34632,17.9905332,9.14,10.48647,58.9794686205362,53.6630573177749,64.6780093710977,456.0,683386.804,9.14,57844.0,633184.0,2,488.8174924692025,Below,Within limits,0.5211314255431903,False,0.2185430463576159,False,0,False
E10000030,Surrey,10.132,59.07696,14.35649246,8.81,7.42935,46.5734038810783,42.5292110579689,50.8973364511849,491.0,1117297.805,8.81,85975.0,975801.0,1,799.1882608570884,Below,Within limits,0.15896043101925456,False,0.039735099337748346,False,0,False
E10000031,Warwickshire,15.589,65.93175,16.51093915,8.89,9.61977,72.7235504772968,65.806050499931,80.169213121039,406.0,562918.155,8.89,43812.0,492698.0,2,402.64786996456235,Within,Within limits,0.464251015721604,False,0.4304635761589404,False,0,False
E10000032,West Sussex,14.8,65.61227,17.0796462,9.12,10.61829,54.6488304754797,49.8485497161358,59.7858048952283,478.0,802127.981,9.12,66512.0,729617.0,1,573.751477226072,Below,Within limits,0.5051227698286522,False,0.1456953642384106,False,0,False
E10000034,Worcestershire,17.311,62.99795,18.52581431,9.12,7.52794,59.9251124464263,53.8832458654671,66.4567045876782,362.0,545683.266,9.12,45659.0,500857.0,2,390.31998307143897,Below,Within limits,0.2540628864158276,False,0.23178807947019867,False,0,False
