area_code,area_name,Risk_score,Risk_flag,Outcome_score,Outcome_flag,n_domains_flagged,priority_area,deprivation_quintile,under75_cvd_mortality,funnel_status,undiagnosed_hypertension_pct,smoking,excess_weight
E06000010,Kingston upon Hull,0.8886680798445504,True,1.0,True,2,True,5,127.498873399504,Above limits,8.34,18.35604,69.60688
E06000009,Blackpool,0.8235294117647058,True,0.9933774834437086,True,2,True,5,126.313047834482,Above limits,9.01,20.84299,67.80599
E09000002,Barking and Dagenham,0.9109918742271683,True,0.9668874172185431,True,2,True,5,110.566111455956,Within limits,7.74,15.38472,71.65536
E08000028,Sandwell,0.9832185126302774,True,0.9536423841059603,True,2,True,5,108.221391053822,Within limits,8.33,16.83072,75.10342
E08000008,Tameside,0.8014926691397279,True,0.9337748344370861,True,2,True,4,104.137992849318,Within limits,8.73,13.64632,68.84076
E08000017,Doncaster,0.8739401165871754,True,0.9072847682119205,True,2,True,5,101.219968967788,Within limits,8.86,14.05206,71.46759
E06000018,Nottingham,0.8466922805158099,True,0.9006622516556292,True,2,True,5,99.7078201298038,Within limits,7.31,13.05747,71.78063
E06000021,Stoke-on-Trent,0.8927751280692457,True,0.8874172185430463,True,2,True,5,99.3036070089237,Within limits,8.52,13.39655,73.6634
E06000002,Middlesbrough,0.8480171347818407,True,0.8807947019867549,True,2,True,5,99.268477519295,Within limits,8.45,14.14834,69.69946
E08000023,South Tyneside,0.9564122946475888,True,0.847682119205298,True,2,True,5,96.514576563606,Within limits,9.03,14.91128,74.38226
E08000033,Calderdale,0.8271948419007242,True,0.8145695364238411,True,2,True,4,93.9450626786052,Within limits,8.9,13.18626,70.42395
E08000006,Salford,0.6545000883236177,False,0.9867549668874173,True,1,False,5,118.993880984967,Above limits,7.86,11.57146,67.89255
E08000003,Manchester,0.6104486839780957,False,0.9801324503311258,True,1,False,5,118.316887785445,Above limits,7.26,15.61293,60.91504
E06000016,Leicester,0.3729685567920862,False,0.9735099337748344,True,1,False,5,110.969456307577,Within limits,7.72,9.83322,61.79344
E08000010,Wigan,0.7710431019254549,False,0.9602649006622517,True,1,False,4,109.610249084243,Within limits,8.87,11.1201,73.73457
E06000008,Blackburn with Darwen,0.689498321851263,False,0.9470198675496688,True,1,False,5,107.890899176383,Within limits,8.32,12.61806,67.04183
E08000005,Rochdale,0.6876214449743862,False,0.9403973509933775,True,1,False,5,104.649295188967,Within limits,8.57,11.76449,68.07408
E09000023,Lewisham,0.24048313018901252,False,0.9271523178807947,True,1,False,4,103.957816096256,Within limits,7.79,8.82842,58.64016
E08000032,Bradford,0.5976638403108991,False,0.9205298013245033,True,1,False,5,102.483037781382,Within limits,8.33,12.61119,64.48227
E06000006,Halton,0.5926514750044162,False,0.9139072847682119,True,1,False,5,101.518576097683,Within limits,8.84,8.51658,73.08311
E08000004,Oldham,0.5860492845786964,False,0.8940397350993378,True,1,False,5,99.3312993435112,Within limits,8.45,10.03682,68.11004
E08000001,Bolton,0.640876170287935,False,0.8741721854304636,True,1,False,5,99.1910439501809,Within limits,8.61,11.45131,67.90995
E08000031,Wolverhampton,0.6508346581875993,False,0.8675496688741722,True,1,False,5,99.0892701097563,Within limits,8.49,13.27764,65.25951
E09000025,Newham,0.4572072072072072,False,0.8609271523178808,True,1,False,5,98.3710476627194,Within limits,7.36,11.01999,61.9076
E08000021,Newcastle upon Tyne,0.46219749160925633,False,0.8543046357615894,True,1,False,4,97.0997992447186,Within limits,7.76,10.40467,64.80788
E08000034,Kirklees,0.7517002296414061,False,0.8410596026490066,True,1,False,4,96.3145420958675,Within limits,8.63,12.64778,68.10688
E08000013,St. Helens,0.6970941529765059,False,0.8344370860927153,True,1,False,4,95.7665098034397,Within limits,8.95,11.68906,68.5681
E06000032,Luton,0.6457560501678149,False,0.8278145695364238,True,1,False,4,95.4765605483871,Within limits,7.96,10.63158,69.17487
E08000025,Birmingham,0.6885046811517399,False,0.8211920529801324,True,1,False,5,94.3209058331491,Within limits,7.89,12.16206,67.55141
E08000026,Coventry,0.5479376435258788,False,0.8079470198675497,True,1,False,4,93.7842205127278,Within limits,7.99,10.64863,66.8232
E06000015,Derby,0.705242006712595,False,0.8013245033112583,True,1,False,4,93.5812024076275,Within limits,8.36,10.81886,70.93728
E06000012,North East Lincolnshire,0.8918256491785903,True,0.7880794701986755,False,1,False,5,92.6459823880401,Within limits,8.99,17.30419,70.21321
E06000031,Peterborough,0.9533651298357181,True,0.7748344370860927,False,1,False,4,91.3937150775776,Within limits,8.29,15.09301,73.86026
E08000030,Walsall,0.8516163222045575,True,0.7615894039735099,False,1,False,5,90.4051301067359,Within limits,8.56,14.58445,69.5795
E06000026,Plymouth,0.8916048401342519,True,0.6754966887417219,False,1,False,3,84.0956555602173,Within limits,8.48,16.70963,70.33363
E08000011,Knowsley,0.8684640522875817,True,0.6688741721854304,False,1,False,5,84.0419082551225,Within limits,8.65,12.31924,74.57652
E06000013,North Lincolnshire,0.9160925631513868,True,0.6291390728476821,False,1,False,3,80.1375965825206,Within limits,9.13,13.70933,74.2103
E06000001,Hartlepool,0.9138182299947006,True,0.5629139072847682,False,1,False,5,78.0222367699671,Within limits,8.91,14.84866,72.76879
E06000034,Thurrock,0.8672937643525879,True,0.5562913907284768,False,1,False,3,77.7567450432523,Within limits,8.29,13.98306,71.31301
E08000018,Rotherham,0.8700097155979509,True,0.5496688741721855,False,1,False,4,77.5949534628837,Within limits,8.85,13.45071,72.54684
E06000061,North Northamptonshire,0.8354531001589824,True,0.5033112582781457,False,1,False,2,75.0975449625579,Within limits,8.78,12.11286,73.58453
E08000016,Barnsley,0.8686848613319201,True,0.4966887417218543,False,1,False,4,75.0530565052382,Within limits,8.91,12.49432,74.36011
E10000019,Lincolnshire,0.8384340222575517,True,0.4768211920529801,False,1,False,3,74.3628285289526,Within limits,9.11,14.37542,69.08343
E06000055,Bedford,0.8326267443914503,True,0.4503311258278146,False,1,False,2,73.0875154461655,Within limits,8.59,12.42026,72.85574
E06000045,Southampton,0.6130100688924218,False,0.7947019867549668,False,0,False,4,92.939019505691,Within limits,7.81,11.95351,65.8341
E08000037,Gateshead,0.523030383324501,False,0.7814569536423841,False,0,False,4,91.6264261723812,Within limits,8.9,8.26174,70.46156
E06000039,Slough,0.27572425366543013,False,0.7682119205298014,False,0,False,3,91.1921132590067,Within limits,7.9,6.81497,65.28502
E08000002,Bury,0.5188570923865041,False,0.7549668874172185,False,0,False,3,89.8652737544427,Within limits,8.77,10.75235,65.43822
E06000044,Portsmouth,0.4950980392156863,False,0.7483443708609272,False,0,False,4,89.0565307702806,Within limits,8.02,10.54247,65.47723
E06000027,Torbay,0.5502119766825649,False,0.7417218543046358,False,0,False,4,88.7706200777823,Within limits,9.43,10.14433,67.52155
E08000012,Liverpool,0.6846846846846847,False,0.7350993377483444,False,0,False,5,87.6822309085363,Within limits,7.99,11.87233,67.9426
E06000035,Medway,0.6338986044868398,False,0.7284768211920529,False,0,False,3,87.5442533052462,Within limits,8.56,11.18353,67.95788
E08000036,Wakefield,0.7851086380498145,False,0.7218543046357616,False,0,False,4,87.4078277065111,Within limits,8.84,11.53775,73.21434
E08000024,Sunderland,0.6959459459459459,False,0.7152317880794702,False,0,False,5,86.4996168284442,Within limits,8.93,9.44932,76.99564
E09000022,Lambeth,0.29979243949832185,False,0.7086092715231788,False,0,False,3,86.3862999721227,Within limits,7.4,10.67146,51.40355
E08000027,Dudley,0.7789039039039038,False,0.7019867549668874,False,0,False,3,86.2433661201335,Within limits,8.85,11.69139,72.21088
E08000019,Sheffield,0.6247571100512277,False,0.695364238410596,False,0,False,4,86.02565795684,Within limits,8.22,11.47941,67.41883
E09000031,Waltham Forest,0.17541070482246954,False,0.6887417218543046,False,0,False,3,85.8943645578253,Within limits,7.92,7.44542,59.35304
E06000004,Stockton-on-Tees,0.774752693870341,False,0.6821192052980133,False,0,False,4,84.2116049320811,Within limits,8.89,11.35352,73.5222
E06000063,Cumberland,0.6078431372549019,False,0.6622516556291391,False,0,False,3,81.666009241889,Within limits,9.23,,67.3656
E06000005,Darlington,0.37204115880586464,False,0.6556291390728477,False,0,False,4,81.3042167525459,Within limits,8.97,7.90794,66.98695
E09000004,Bexley,0.4654875463698993,False,0.6490066225165563,False,0,False,1,81.1663974797201,Within limits,8.56,7.18879,70.54951
E09000011,Greenwich,0.23993110757816638,False,0.6423841059602649,False,0,False,3,81.0402210744882,Within limits,7.86,8.63664,59.1521
E09000012,Hackney,0.5251501501501501,False,0.6357615894039735,False,0,False,5,80.8659799843757,Within limits,7.33,15.04581,56.09263
E08000022,North Tyneside,0.3264440911499735,False,0.6225165562913907,False,0,False,3,79.9987259449628,Within limits,9.0,9.30667,61.08367
E08000035,Leeds,0.6308956014838368,False,0.6158940397350994,False,0,False,3,79.8754388535837,Within limits,8.12,12.78246,65.049
E06000007,Warrington,0.16035152799858682,False,0.609271523178808,False,0,False,2,79.6021415218081,Within limits,8.91,5.56155,61.38666
E06000047,County Durham,0.5510510510510511,False,0.6026490066225165,False,0,False,4,79.5900064599173,Within limits,8.93,8.84123,69.33833
E06000038,Reading,0.35901342518989576,False,0.5960264900662252,False,0,False,2,79.3739557409964,Within limits,7.83,9.28239,62.76459
E06000003,Redcar and Cleveland,0.74626832715068,False,0.5894039735099338,False,0,False,5,79.3176851303859,Within limits,9.21,13.82898,67.42723
E10000017,Lancashire,0.5719837484543367,False,0.5827814569536424,False,0,False,3,78.8778459413302,Within limits,8.89,9.46469,68.59317
E06000046,Isle of Wight,0.30782988871224165,False,0.5761589403973509,False,0,False,4,78.4446058765881,Within limits,9.63,9.93304,58.88642
E09000030,Tower Hamlets,0.5017223105458399,False,0.5695364238410596,False,0,False,5,78.3782638930214,Within limits,6.75,14.16057,55.57481
E10000024,Nottinghamshire,0.6026099629040805,False,0.543046357615894,False,0,False,2,76.9759778437029,Within limits,9.02,10.31852,68.50976
E09000014,Haringey,0.548909203320968,False,0.5364238410596026,False,0,False,5,76.8490323985198,Within limits,7.9,18.95799,56.03712
E09000019,Islington,0.18863716657834304,False,0.5298013245033113,False,0,False,4,76.2674108757079,Within limits,7.37,9.10449,49.83933
E06000023,Bristol,0.5063813813813813,False,0.5231788079470199,False,0,False,3,76.0626487929772,Within limits,7.66,12.61599,59.43528
E10000028,Staffordshire,0.7576841547429782,False,0.5165562913907285,False,0,False,2,75.2772767256281,Within limits,9.08,12.56745,68.64717
E09000008,Croydon,0.5422186892775128,False,0.5099337748344371,False,0,False,3,75.1166196515585,Within limits,8.28,12.61422,61.35185
E08000015,Wirral,0.795906200317965,False,0.4900662251655629,False,0,False,4,74.4966835314871,Within limits,9.1,11.95192,71.78694
E08000007,Stockport,0.3122681505034446,False,0.48344370860927155,False,0,False,2,74.4875617037816,Within limits,8.93,8.72358,61.76949
E06000050,Cheshire West and Chester,0.4768812930577636,False,0.47019867549668876,False,0,False,2,73.7339970117927,Within limits,8.96,9.42711,66.94348
E09000017,Hillingdon,0.4233130189012542,False,0.46357615894039733,False,0,False,3,73.4994440995565,Within limits,8.19,10.5563,62.65492
E08000014,Sefton,0.6754990284402049,False,0.45695364238410596,False,0,False,4,73.1413733933691,Within limits,9.19,10.66028,70.26919
E09000016,Havering,0.26475004416180886,False,0.44370860927152317,False,0,False,2,72.9818005163338,Within limits,8.59,8.17445,61.88852
E09000005,Brent,0.33540893835011476,False,0.4370860927152318,False,0,False,4,72.8525971519359,Within limits,7.93,10.63977,58.15166
E10000031,Warwickshire,0.464251015721604,False,0.4304635761589404,False,0,False,2,72.7235504772968,Within limits,8.89,9.61977,65.93175
E10000007,Derbyshire,0.43678237060589997,False,0.423841059602649,False,0,False,2,71.9512370873851,Within limits,9.16,8.87015,66.32148
E09000010,Enfield,0.6055246422893482,False,0.41721854304635764,False,0,False,4,71.9380032272646,Within limits,8.26,13.67576,62.97327
E06000020,Telford and Wrekin,0.4455484896661367,False,0.4105960264900662,False,0,False,3,70.1020026109717,Within limits,8.66,6.79846,70.34588
E08000009,Trafford,0.2502428899487723,False,0.40397350993377484,False,0,False,1,68.3780282479784,Within limits,8.76,7.40675,63.15214
E06000052,Cornwall,0.6932741565094507,False,0.3973509933774834,False,0,False,3,67.8484659837331,Within limits,9.31,11.45163,69.0082
E09000026,Redbridge,0.25582935877053525,False,0.39072847682119205,False,0,False,2,67.3003508316498,Within limits,8.07,8.49993,60.76359
E06000030,Swindon,0.5189233350998057,False,0.3841059602649007,False,0,False,2,66.6728675680068,Within limits,8.63,9.26734,67.95853
E06000033,Southend-on-Sea,0.19678502031443207,False,0.37748344370860926,False,0,False,3,66.4166370709684,Within limits,8.82,8.42612,58.22526
E09000032,Wandsworth,0.1546325737502208,False,0.3708609271523179,False,0,False,1,66.2546976715426,Within limits,7.4,8.51396,51.26103
E06000062,West Northamptonshire,0.3519254548666313,False,0.36423841059602646,False,0,False,2,66.1323143143973,Within limits,8.63,8.9978,63.03943
E10000016,Kent,0.5615615615615616,False,0.3576158940397351,False,0,False,3,66.1131826970267,Within limits,8.88,10.83594,66.53251
E10000012,Essex,0.526452923511747,False,0.3509933774834437,False,0,False,2,65.2665812872005,Within limits,8.92,9.74588,67.53016
E10000011,East Sussex,0.49675410704822465,False,0.3443708609271523,False,0,False,3,64.9622360590222,Within limits,9.39,11.24235,63.33498
E06000049,Cheshire East,0.15741476770888535,False,0.33774834437086093,False,0,False,1,64.7589822007974,Within limits,9.17,6.37971,61.09178
E09000018,Hounslow,0.23195990107754813,False,0.33112582781456956,False,0,False,4,64.5313099821066,Within limits,8.12,8.12518,60.97686
E06000057,Northumberland,0.5552685037979156,False,0.32450331125827814,False,0,False,3,63.8018688592782,Within limits,9.45,8.01764,73.32051
E09000028,Southwark,0.06308514396749691,False,0.31788079470198677,False,0,False,3,63.0598449716642,Within limits,7.43,6.7927,52.12476
E09000013,Hammersmith and Fulham,0.371290408055114,False,0.31125827814569534,False,0,False,3,62.9164997979669,Within limits,7.47,12.02043,45.58075
E06000019,Herefordshire,0.5603912736265677,False,0.304635761589404,False,0,False,2,62.6521496411804,Within limits,9.41,11.77124,64.60806
E06000037,West Berkshire,0.1795619148560325,False,0.2980132450331126,False,0,False,1,62.5850481208956,Within limits,9.0,8.02176,58.65842
E10000013,Gloucestershire,0.3729243949832185,False,0.2913907284768212,False,0,False,1,62.2552524623028,Within limits,9.01,8.2953,66.23975
E09000007,Camden,0.35090973326267444,False,0.2847682119205298,False,0,False,3,62.2375960002856,Within limits,7.53,11.71777,48.90008
E06000011,East Riding of Yorkshire,0.5791821232997704,False,0.2781456953642384,False,0,False,2,61.8588431696445,Within limits,9.49,9.93972,68.26967
E06000043,Brighton and Hove,0.4173732556085497,False,0.271523178807947,False,0,False,3,61.5953619575308,Within limits,8.03,12.22984,55.19073
E09000015,Harrow,0.17772919978802332,False,0.26490066225165565,False,0,False,2,61.0085438527321,Within limits,8.36,8.60527,53.60657
E09000009,Ealing,0.15231407878466702,False,0.2582781456953642,False,0,False,4,60.7393234102423,Within limits,8.09,7.42233,59.03182
E10000018,Leicestershire,0.3547076488252959,False,0.25165562913907286,False,0,False,1,60.4867562519387,Within limits,8.89,7.3645,67.32553
E06000065,North Yorkshire UA,0.5294117647058824,False,0.24503311258278146,False,0,False,2,60.2128162792045,Within limits,9.38,,66.24252
E06000058,"Bournemouth, Christchurch and Poole",0.3913619501854796,False,0.23841059602649006,False,0,False,2,60.1891918004122,Within limits,8.78,9.12766,64.76435
E10000034,Worcestershire,0.2540628864158276,False,0.23178807947019867,False,0,False,2,59.9251124464263,Within limits,9.12,7.52794,62.99795
E09000024,Merton,0.13116057233704292,False,0.2251655629139073,False,0,False,1,59.0696035484309,Within limits,8.18,6.14595,60.17755
E10000029,Suffolk,0.5211314255431903,False,0.2185430463576159,False,0,False,2,58.9794686205362,Within limits,9.14,10.48647,66.34632
E08000029,Solihull,0.3735205794029324,False,0.2119205298013245,False,0,False,2,58.7066776715036,Within limits,8.97,10.018,61.09359
E06000066,Somerset UA,0.6635311782370605,False,0.2052980132450331,False,0,False,2,58.5078794019964,Within limits,9.29,11.29431,68.42692
E10000015,Hertfordshire,0.2741123476417594,False,0.1986754966887417,False,0,False,1,57.6419489031206,Within limits,8.67,8.01424,63.09467
E06000064,Westmorland and Furness,0.1568627450980392,False,0.19205298013245034,False,0,False,2,57.6028238333647,Within limits,9.42,,58.55547
E10000020,Norfolk,0.37740681858328917,False,0.18543046357615894,False,0,False,3,57.4079886778412,Within limits,9.12,8.68485,65.13536
E06000051,Shropshire,0.21274951422010246,False,0.17880794701986755,False,0,False,2,56.9812734360682,Within limits,9.35,6.05675,63.99818
E06000014,York,0.15121003356297474,False,0.17218543046357615,False,0,False,1,56.2694419823544,Within limits,8.27,6.6899,60.69212
E10000003,Cambridgeshire,0.2884428546193252,False,0.16556291390728478,False,0,False,1,56.061444684657,Within limits,8.6,9.98371,56.77428
E09000029,Sutton,0.4036610139551316,False,0.15894039735099338,False,0,False,1,56.0429865113171,Within limits,8.53,8.70997,65.64052
E06000042,Milton Keynes,0.630299417064123,False,0.152317880794702,False,0,False,2,55.5936323272628,Within limits,8.37,10.99528,68.03518
E10000032,West Sussex,0.5051227698286522,False,0.1456953642384106,False,0,False,1,54.6488304754797,Within limits,9.12,10.61829,65.61227
E06000054,Wiltshire,0.3241255961844197,False,0.1390728476821192,False,0,False,1,54.1465510473068,Within limits,9.09,8.40756,64.32114
E10000014,Hampshire,0.27704910793146087,False,0.13245033112582782,False,0,False,1,53.5443665077851,Within limits,9.05,7.74469,63.65222
E06000024,North Somerset,0.21062974739445328,False,0.12582781456953643,False,0,False,1,53.2864944138696,Within limits,9.22,8.67596,57.21518
E09000006,Bromley,0.13464935523759053,False,0.11920529801324503,False,0,False,1,53.1043123412393,Within limits,8.75,6.57246,59.9997
E10000008,Devon,0.4916534181240063,False,0.11258278145695365,False,0,False,2,52.8653223799323,Within limits,9.26,11.76474,61.30637
E06000060,Buckinghamshire UA,0.2976505917682388,False,0.10596026490066225,False,0,False,1,51.9676402618927,Within limits,8.88,8.28301,63.14703
E06000022,Bath and North East Somerset,0.08008744038155803,False,0.09933774834437085,False,0,False,1,51.8360070617227,Within limits,8.38,7.3494,51.87152
E06000025,South Gloucestershire,0.34141494435612085,False,0.09271523178807947,False,0,False,1,51.8037509953146,Within limits,8.64,7.32824,67.21369
E06000040,Windsor and Maidenhead,0.12822381204734146,False,0.08609271523178808,False,0,False,1,51.0674172173008,Within limits,8.87,6.65133,59.33745
E06000056,Central Bedfordshire,0.43135046811517397,False,0.07947019867549669,False,0,False,1,50.7306985490894,Within limits,8.81,9.45154,65.216
E06000036,Bracknell Forest,0.6183315668609786,False,0.0728476821192053,False,0,False,1,50.5882018368252,Within limits,8.52,11.50185,67.29961
E09000003,Barnet,0.16094771241830064,False,0.06622516556291391,False,0,False,2,48.8532846403654,Within limits,8.29,8.46143,53.34249
E09000027,Richmond upon Thames,0.18896838014485073,False,0.059602649006622516,False,0,False,1,48.801616672204,Within limits,8.76,9.26874,43.11431
E06000041,Wokingham,0.1091679915209327,False,0.052980132450331126,False,0,False,1,48.6675690999546,Within limits,8.75,7.09432,57.52436
E06000059,Dorset,0.48419007242536655,False,0.046357615894039736,False,0,False,2,47.2954421583092,Within limits,9.65,9.86385,66.28083
E10000030,Surrey,0.15896043101925456,False,0.039735099337748346,False,0,False,1,46.5734038810783,Within limits,8.81,7.42935,59.07696
E10000025,Oxfordshire,0.1722531354884296,False,0.033112582781456956,False,0,False,1,46.4862842465389,Within limits,8.52,7.45264,59.15243
E09000033,Westminster,0.5047694753577107,False,0.026490066225165563,False,0,False,3,44.2205167512979,Within limits,7.69,14.07864,56.17029
E09000021,Kingston upon Thames,0.12356474121180004,False,0.019867549668874173,False,0,False,1,44.0055288058227,Within limits,8.29,7.80942,55.1374
E09000020,Kensington and Chelsea,0.11813283872107402,False,0.013245033112582781,False,0,False,3,41.9304675133865,Within limits,8.11,8.39171,39.9692
E06000017,Rutland,0.22560060060060058,False,0.006622516556291391,False,0,False,1,36.543216606158,Within limits,9.24,5.00896,65.0026
E06000053,Isles of Scilly,0.24183006535947713,False,,False,0,False,1,,,8.96,,60.29944
E09000001,City of London,0.0392156862745098,False,,False,0,False,1,,,7.94,,51.07349
