indicator_key,indicator_id,indicator_name,area_code,area_name,sex,age,period,period_sortable,year,value,lci,uci,count,denominator,value_note
under75_cvd_mortality,40401,Under 75 mortality rate from cardiovascular disease,E92000001,England,Persons,<75 yrs,2001,20010000,2001,145.16315,143.93672,146.3974,53907.73963,45727220.0,
under75_cvd_mortality,40401,Under 75 mortality rate from cardiovascular disease,E92000001,England,Persons,<75 yrs,2002,20020000,2002,137.91287,136.72224,139.11127,51682.14824,45925043.0,
under75_cvd_mortality,40401,Under 75 mortality rate from cardiovascular disease,E92000001,England,Persons,<75 yrs,2003,20030000,2003,130.92588,129.77095,132.0885,49544.81325,46148908.0,
under75_cvd_mortality,40401,Under 75 mortality rate from cardiovascular disease,E92000001,England,Persons,<75 yrs,2004,20040000,2004,119.91345,118.8123,121.02223,45753.24518,46391487.0,
under75_cvd_mortality,40401,Under 75 mortality rate from cardiovascular disease,E92000001,England,Persons,<75 yrs,2005,20050000,2005,111.99948,110.93994,113.06658,43147.48272,46764172.0,
under75_cvd_mortality,40401,Under 75 mortality rate from cardiovascular disease,E92000001,England,Persons,<75 yrs,2006,20060000,2006,104.95628,103.93404,105.98603,40754.21196,47074959.0,
under75_cvd_mortality,40401,Under 75 mortality rate from cardiovascular disease,E92000001,England,Persons,<75 yrs,2007,20070000,2007,98.57724,97.59335,99.56853,38832.00774,47442592.0,
under75_cvd_mortality,40401,Under 75 mortality rate from cardiovascular disease,E92000001,England,Persons,<75 yrs,2008,20080000,2008,93.7299,92.77986,94.68721,37651.50338,47839720.0,
under75_cvd_mortality,40401,Under 75 mortality rate from cardiovascular disease,E92000001,England,Persons,<75 yrs,2009,20090000,2009,87.13011,86.22305,88.04429,35655.56966,48183869.0,
under75_cvd_mortality,40401,Under 75 mortality rate from cardiovascular disease,E92000001,England,Persons,<75 yrs,2010,20100000,2010,84.99786,84.10937,85.89336,35354.79152,48569301.0,
under75_cvd_mortality,40401,Under 75 mortality rate from cardiovascular disease,E92000001,England,Persons,<75 yrs,2011,20110000,2011,80.09965,79.24073,80.96552,33624.945,48969673.0,
under75_cvd_mortality,40401,Under 75 mortality rate from cardiovascular disease,E92000001,England,Persons,<75 yrs,2012,20120000,2012,77.32087,76.48516,78.1634,33095.685,49300773.0,
under75_cvd_mortality,40401,Under 75 mortality rate from cardiovascular disease,E92000001,England,Persons,<75 yrs,2013,20130000,2013,76.22141,75.39976,77.04974,33249.405,49650092.0,
under75_cvd_mortality,40401,Under 75 mortality rate from cardiovascular disease,E92000001,England,Persons,<75 yrs,2014,20140000,2014,73.83697,73.03765,74.64282,32895.0,50015359.0,
under75_cvd_mortality,40401,Under 75 mortality rate from cardiovascular disease,E92000001,England,Persons,<75 yrs,2015,20150000,2015,74.17309,73.38003,74.97257,33664.0,50410923.0,
under75_cvd_mortality,40401,Under 75 mortality rate from cardiovascular disease,E92000001,England,Persons,<75 yrs,2016,20160000,2016,72.84908,72.07283,73.6316,33816.0,50855793.0,
under75_cvd_mortality,40401,Under 75 mortality rate from cardiovascular disease,E92000001,England,Persons,<75 yrs,2017,20170000,2017,71.11896,70.3625,71.88152,33828.0,51127283.0,
under75_cvd_mortality,40401,Under 75 mortality rate from cardiovascular disease,E92000001,England,Persons,<75 yrs,2018,20180000,2018,71.84505,71.09029,72.60582,34690.0,51343886.0,
under75_cvd_mortality,40401,Under 75 mortality rate from cardiovascular disease,E92000001,England,Persons,<75 yrs,2019,20190000,2019,69.13829,68.40132,69.88121,33707.0,51510878.0,
under75_cvd_mortality,40401,Under 75 mortality rate from cardiovascular disease,E92000001,England,Persons,<75 yrs,2020,20200000,2020,74.20773,73.44695,74.97443,36457.0,51530437.0,
under75_cvd_mortality,40401,Under 75 mortality rate from cardiovascular disease,E92000001,England,Persons,<75 yrs,2021,20210000,2021,76.0059,75.23926,76.77839,37669.0,51653460.0,
under75_cvd_mortality,40401,Under 75 mortality rate from cardiovascular disease,E92000001,England,Persons,<75 yrs,2022,20220000,2022,77.758060605972,76.9798502143457,78.5421709983497,38259.0,51997664.0,
under75_cvd_mortality,40401,Under 75 mortality rate from cardiovascular disease,E92000001,England,Persons,<75 yrs,2023,20230000,2023,77.3635872711466,76.5875995827417,78.1454690256388,38118.0,52620626.0,
under75_cvd_mortality,40401,Under 75 mortality rate from cardiovascular disease,E92000001,England,Persons,<75 yrs,2024,20240000,2024,74.3063580309449,73.5479397796296,75.0706368700221,36834.0,53158959.0,
under75_cvd_mortality,40401,Under 75 mortality rate from cardiovascular disease,E92000001,England,Persons,<75 yrs,2025,20250000,2025,71.5286700896265,70.7880576385349,72.2750863244326,35820.0,53319634.115,Value based on provisional mortality and population data
hypertension_undiagnosed,94111,Estimated prevalence of undiagnosed adult hypertension,E92000001,England,Persons,16+ yrs,2021,20210000,2021,8.64,8.21851,9.32307,3982916.0,46087075.0,
hypertension_recorded,219,Hypertension: QOF prevalence,E92000001,England,Persons,All ages,2009/10,20090000,2009,13.3514426624967,13.3424426759486,13.3604477839068,7321472.0,54836561.0,
hypertension_recorded,219,Hypertension: QOF prevalence,E92000001,England,Persons,All ages,2010/11,20100000,2010,13.5228299374712,13.5138088213074,13.5318561334409,7460497.0,55169643.0,
hypertension_recorded,219,Hypertension: QOF prevalence,E92000001,England,Persons,All ages,2011/12,20110000,2011,13.6296537252314,13.620631688699,13.6386807942117,7567965.0,55525732.0,
hypertension_recorded,219,Hypertension: QOF prevalence,E92000001,England,Persons,All ages,2012/13,20120000,2012,13.675635348479,13.6666399254219,13.6846342516988,7660010.0,56012096.0,
hypertension_recorded,219,Hypertension: QOF prevalence,E92000001,England,Persons,All ages,2013/14,20130000,2013,13.733879306318,13.7248921116591,13.7428699538684,7735592.0,56324887.0,
hypertension_recorded,219,Hypertension: QOF prevalence,E92000001,England,Persons,All ages,2014/15,20140000,2014,13.787579121095,13.7786161862652,13.7965454716089,7833779.0,56817654.0,
hypertension_recorded,219,Hypertension: QOF prevalence,E92000001,England,Persons,All ages,2015/16,20150000,2015,13.8129548156966,13.8040424215007,13.8218705787575,7949274.0,57549410.0,
hypertension_recorded,219,Hypertension: QOF prevalence,E92000001,England,Persons,All ages,2016/17,20160000,2016,13.8345597256496,13.8256787901643,13.8434439992885,8028077.0,58029147.0,
hypertension_recorded,219,Hypertension: QOF prevalence,E92000001,England,Persons,All ages,2017/18,20170000,2017,13.9448998964875,13.936016297296,13.953786799065,8141488.0,58383266.0,
hypertension_recorded,219,Hypertension: QOF prevalence,E92000001,England,Persons,All ages,2018/19,20180000,2018,13.9602660528485,13.9514533234525,13.9690820278596,8290457.0,59386096.0,
hypertension_recorded,219,Hypertension: QOF prevalence,E92000001,England,Persons,All ages,2019/20,20190000,2019,14.0956982542867,14.0869252957741,14.1044743863011,8514885.0,60407685.0,
hypertension_recorded,219,Hypertension: QOF prevalence,E92000001,England,Persons,All ages,2020/21,20200000,2020,13.9297154152026,13.9210076387963,13.9384263699861,8457600.0,60716244.0,
hypertension_recorded,219,Hypertension: QOF prevalence,E92000001,England,Persons,All ages,2021/22,20210000,2021,13.9679164475326,13.959261948141,13.9765740747239,8604825.0,61604213.0,
hypertension_recorded,219,Hypertension: QOF prevalence,E92000001,England,Persons,All ages,2022/23,20220000,2022,14.4225588815631,14.4138425893871,14.4312782067393,8996512.0,62378057.0,
hypertension_recorded,219,Hypertension: QOF prevalence,E92000001,England,Persons,All ages,2023/24,20230000,2023,14.7925243005823,14.7837744664488,14.8012770826703,9350858.0,63213403.0,
hypertension_recorded,219,Hypertension: QOF prevalence,E92000001,England,Persons,All ages,2024/25,20240000,2024,15.22973,15.22091,15.23855,9711491.0,63766671.0,
smoking,92443,Smoking Prevalence in adults (aged 18 and over) - current smokers (APS),E92000001,England,Persons,18+ yrs,2011,20110000,2011,19.842,19.588572,20.095428,8260053.0,,
smoking,92443,Smoking Prevalence in adults (aged 18 and over) - current smokers (APS),E92000001,England,Persons,18+ yrs,2012,20120000,2012,19.3157,19.065016,19.566384,8110999.0,,
smoking,92443,Smoking Prevalence in adults (aged 18 and over) - current smokers (APS),E92000001,England,Persons,18+ yrs,2013,20130000,2013,18.3925,18.144168,18.640832,7780478.0,,
smoking,92443,Smoking Prevalence in adults (aged 18 and over) - current smokers (APS),E92000001,England,Persons,18+ yrs,2014,20140000,2014,17.8498,17.604604,18.094996,7621002.0,,
smoking,92443,Smoking Prevalence in adults (aged 18 and over) - current smokers (APS),E92000001,England,Persons,18+ yrs,2015,20150000,2015,16.9234,16.680556,17.166244,7294724.0,,
smoking,92443,Smoking Prevalence in adults (aged 18 and over) - current smokers (APS),E92000001,England,Persons,18+ yrs,2016,20160000,2016,15.5195,15.273912,15.765088,6750389.0,,
smoking,92443,Smoking Prevalence in adults (aged 18 and over) - current smokers (APS),E92000001,England,Persons,18+ yrs,2017,20170000,2017,14.8681,14.625256,15.110944,6496890.0,,
smoking,92443,Smoking Prevalence in adults (aged 18 and over) - current smokers (APS),E92000001,England,Persons,18+ yrs,2018,20180000,2018,14.4493116721904,14.2122931018331,14.6863302425477,6360956.90047702,,
smoking,92443,Smoking Prevalence in adults (aged 18 and over) - current smokers (APS),E92000001,England,Persons,18+ yrs,2019,20190000,2019,13.8821327715042,13.6438650901795,14.120400452829,6144702.9854327,,
smoking,92443,Smoking Prevalence in adults (aged 18 and over) - current smokers (APS),E92000001,England,Persons,18+ yrs,2020,20200000,2020,12.8,12.5,13.1,,,
smoking,92443,Smoking Prevalence in adults (aged 18 and over) - current smokers (APS),E92000001,England,Persons,18+ yrs,2021,20210000,2021,12.1,11.8,12.4,,,
smoking,92443,Smoking Prevalence in adults (aged 18 and over) - current smokers (APS),E92000001,England,Persons,18+ yrs,2022,20220000,2022,11.5,11.2,11.8,,,
smoking,92443,Smoking Prevalence in adults (aged 18 and over) - current smokers (APS),E92000001,England,Persons,18+ yrs,2023,20230000,2023,10.9,10.6,11.2,,,
smoking,92443,Smoking Prevalence in adults (aged 18 and over) - current smokers (APS),E92000001,England,Persons,18+ yrs,2024,20240000,2024,10.43214,10.1526,10.71169,,,
excess_weight,93088,"Overweight (including obesity) prevalence in adults, (using adjusted self-reported height and weight)",E92000001,England,Persons,18+ yrs,2015/16,20150000,2015,61.24163,61.00672,61.4707,,170273.0,
excess_weight,93088,"Overweight (including obesity) prevalence in adults, (using adjusted self-reported height and weight)",E92000001,England,Persons,18+ yrs,2016/17,20160000,2016,61.31358,61.07826,61.54753,,166213.0,
excess_weight,93088,"Overweight (including obesity) prevalence in adults, (using adjusted self-reported height and weight)",E92000001,England,Persons,18+ yrs,2017/18,20170000,2017,61.86629,61.61842,62.10961,,151677.0,
excess_weight,93088,"Overweight (including obesity) prevalence in adults, (using adjusted self-reported height and weight)",E92000001,England,Persons,18+ yrs,2018/19,20180000,2018,61.99153,61.75107,62.23017,,153837.0,
excess_weight,93088,"Overweight (including obesity) prevalence in adults, (using adjusted self-reported height and weight)",E92000001,England,Persons,18+ yrs,2019/20,20190000,2019,62.62869,62.38527,62.87633,,149476.0,
excess_weight,93088,"Overweight (including obesity) prevalence in adults, (using adjusted self-reported height and weight)",E92000001,England,Persons,18+ yrs,2020/21,20200000,2020,63.31274,63.07213,63.55344,,148763.0,
excess_weight,93088,"Overweight (including obesity) prevalence in adults, (using adjusted self-reported height and weight)",E92000001,England,Persons,18+ yrs,2021/22,20210000,2021,63.80687,63.55656,64.05846,,146844.0,
excess_weight,93088,"Overweight (including obesity) prevalence in adults, (using adjusted self-reported height and weight)",E92000001,England,Persons,18+ yrs,2022/23,20220000,2022,63.9507,63.69858,64.19754,,142708.0,
excess_weight,93088,"Overweight (including obesity) prevalence in adults, (using adjusted self-reported height and weight)",E92000001,England,Persons,18+ yrs,2023/24,20230000,2023,64.46064,64.21027,64.70651,,141060.0,
excess_weight,93088,"Overweight (including obesity) prevalence in adults, (using adjusted self-reported height and weight)",E92000001,England,Persons,18+ yrs,2024/25,20240000,2024,64.64231,64.3908,64.88614,,144957.0,
deprivation,94240,Deprivation score (IMD 2025),E92000001,England,Persons,All ages,2025,20250000,2025,21.80951,,,,,
