Deprivation quintile,Areas,"Mean rate per 100,000",Lower 95% CI,Upper 95% CI,Year,Deprivation quintile label,Slope index of inequality,SII lower 95% CI,SII upper 95% CI,England rate
1,29,123.02,116.15,129.89,2001,1 - Least deprived,87.99,78.01,97.98,145.16
2,30,130.9,125.3,136.49,2001,2,87.99,78.01,97.98,145.16
3,31,151.7,142.76,160.64,2001,3,87.99,78.01,97.98,145.16
4,30,169.82,161.9,177.74,2001,4,87.99,78.01,97.98,145.16
5,31,190.83,183.2,198.46,2001,5 - Most deprived,87.99,78.01,97.98,145.16
1,29,114.62,108.47,120.77,2002,1 - Least deprived,81.33,71.84,90.81,137.91
2,30,126.91,121.31,132.5,2002,2,81.33,71.84,90.81,137.91
3,31,143.03,136.69,149.37,2002,3,81.33,71.84,90.81,137.91
4,30,156.71,150.11,163.3,2002,4,81.33,71.84,90.81,137.91
5,31,184.09,176.0,192.18,2002,5 - Most deprived,81.33,71.84,90.81,137.91
1,29,109.76,103.69,115.82,2003,1 - Least deprived,80.98,71.85,90.11,130.93
2,30,118.96,113.08,124.84,2003,2,80.98,71.85,90.11,130.93
3,31,140.69,133.63,147.76,2003,3,80.98,71.85,90.11,130.93
4,30,150.47,144.69,156.26,2003,4,80.98,71.85,90.11,130.93
5,31,176.06,168.84,183.27,2003,5 - Most deprived,80.98,71.85,90.11,130.93
1,29,98.01,92.58,103.43,2004,1 - Least deprived,77.71,69.33,86.08,119.91
2,30,107.8,103.37,112.23,2004,2,77.71,69.33,86.08,119.91
3,31,127.9,120.55,135.25,2004,3,77.71,69.33,86.08,119.91
4,30,139.32,132.84,145.8,2004,4,77.71,69.33,86.08,119.91
5,31,162.4,155.33,169.47,2004,5 - Most deprived,77.71,69.33,86.08,119.91
1,29,93.06,87.16,98.96,2005,1 - Least deprived,69.33,61.24,77.43,112.0
2,30,106.02,100.72,111.32,2005,2,69.33,61.24,77.43,112.0
3,31,115.2,110.02,120.37,2005,3,69.33,61.24,77.43,112.0
4,30,127.92,122.49,133.35,2005,4,69.33,61.24,77.43,112.0
5,31,150.49,143.35,157.64,2005,5 - Most deprived,69.33,61.24,77.43,112.0
1,29,86.61,81.54,91.67,2006,1 - Least deprived,66.63,58.67,74.58,104.96
2,30,96.13,90.6,101.66,2006,2,66.63,58.67,74.58,104.96
3,31,111.6,105.5,117.71,2006,3,66.63,58.67,74.58,104.96
4,30,121.08,114.93,127.23,2006,4,66.63,58.67,74.58,104.96
5,31,143.42,137.52,149.31,2006,5 - Most deprived,66.63,58.67,74.58,104.96
1,29,80.89,75.66,86.12,2007,1 - Least deprived,63.64,56.06,71.23,98.58
2,30,88.8,83.79,93.8,2007,2,63.64,56.06,71.23,98.58
3,31,104.96,98.39,111.53,2007,3,63.64,56.06,71.23,98.58
4,30,115.85,108.93,122.77,2007,4,63.64,56.06,71.23,98.58
5,31,134.97,129.7,140.24,2007,5 - Most deprived,63.64,56.06,71.23,98.58
1,29,76.96,73.02,80.91,2008,1 - Least deprived,62.24,55.26,69.21,93.73
2,30,87.23,83.17,91.29,2008,2,62.24,55.26,69.21,93.73
3,31,98.82,93.78,103.86,2008,3,62.24,55.26,69.21,93.73
4,30,110.23,104.91,115.55,2008,4,62.24,55.26,69.21,93.73
5,31,127.05,120.36,133.74,2008,5 - Most deprived,62.24,55.26,69.21,93.73
1,29,70.83,66.22,75.43,2009,1 - Least deprived,58.92,52.14,65.7,87.13
2,30,81.41,76.26,86.56,2009,2,58.92,52.14,65.7,87.13
3,31,92.1,87.46,96.74,2009,3,58.92,52.14,65.7,87.13
4,30,101.56,96.67,106.44,2009,4,58.92,52.14,65.7,87.13
5,31,118.18,112.04,124.32,2009,5 - Most deprived,58.92,52.14,65.7,87.13
1,29,70.19,66.15,74.23,2010,1 - Least deprived,54.01,48.08,59.94,85.0
2,30,78.66,75.07,82.26,2010,2,54.01,48.08,59.94,85.0
3,31,91.42,86.61,96.23,2010,3,54.01,48.08,59.94,85.0
4,30,98.19,93.92,102.45,2010,4,54.01,48.08,59.94,85.0
5,31,111.81,105.48,118.14,2010,5 - Most deprived,54.01,48.08,59.94,85.0
1,29,68.48,64.92,72.03,2011,1 - Least deprived,48.24,42.42,54.06,80.1
2,30,72.94,69.44,76.44,2011,2,48.24,42.42,54.06,80.1
3,31,83.52,79.04,88.01,2011,3,48.24,42.42,54.06,80.1
4,30,92.26,87.79,96.73,2011,4,48.24,42.42,54.06,80.1
5,31,104.68,99.61,109.76,2011,5 - Most deprived,48.24,42.42,54.06,80.1
1,29,65.11,61.28,68.93,2012,1 - Least deprived,49.53,44.06,55.0,77.32
2,30,71.0,67.75,74.25,2012,2,49.53,44.06,55.0,77.32
3,31,81.65,77.97,85.34,2012,3,49.53,44.06,55.0,77.32
4,30,90.62,86.43,94.82,2012,4,49.53,44.06,55.0,77.32
5,31,104.49,99.53,109.45,2012,5 - Most deprived,49.53,44.06,55.0,77.32
1,29,63.52,59.79,67.25,2013,1 - Least deprived,47.79,42.41,53.18,76.22
2,30,70.01,67.3,72.72,2013,2,47.79,42.41,53.18,76.22
3,31,80.57,75.45,85.7,2013,3,47.79,42.41,53.18,76.22
4,30,89.53,84.43,94.63,2013,4,47.79,42.41,53.18,76.22
5,31,100.32,96.13,104.51,2013,5 - Most deprived,47.79,42.41,53.18,76.22
1,29,61.74,57.96,65.53,2014,1 - Least deprived,48.84,43.15,54.54,73.84
2,30,66.85,63.47,70.23,2014,2,48.84,43.15,54.54,73.84
3,31,75.69,71.74,79.65,2014,3,48.84,43.15,54.54,73.84
4,30,87.09,83.38,90.79,2014,4,48.84,43.15,54.54,73.84
5,31,102.06,97.21,106.9,2014,5 - Most deprived,48.84,43.15,54.54,73.84
1,29,60.62,57.55,63.69,2015,1 - Least deprived,51.14,45.58,56.69,74.17
2,30,67.06,63.79,70.33,2015,2,51.14,45.58,56.69,74.17
3,31,78.81,74.33,83.29,2015,3,51.14,45.58,56.69,74.17
4,30,86.07,82.16,89.98,2015,4,51.14,45.58,56.69,74.17
5,31,102.88,97.93,107.83,2015,5 - Most deprived,51.14,45.58,56.69,74.17
1,29,58.47,55.16,61.77,2016,1 - Least deprived,49.65,44.12,55.18,72.85
2,30,67.4,64.12,70.67,2016,2,49.65,44.12,55.18,72.85
3,31,76.6,71.3,81.9,2016,3,49.65,44.12,55.18,72.85
4,30,86.06,83.06,89.05,2016,4,49.65,44.12,55.18,72.85
5,31,99.54,93.79,105.28,2016,5 - Most deprived,49.65,44.12,55.18,72.85
1,29,55.75,52.75,58.75,2017,1 - Least deprived,51.47,46.69,56.24,71.12
2,30,64.6,61.74,67.45,2017,2,51.47,46.69,56.24,71.12
3,31,75.23,70.7,79.76,2017,3,51.47,46.69,56.24,71.12
4,30,82.09,78.76,85.42,2017,4,51.47,46.69,56.24,71.12
5,31,100.1,96.46,103.75,2017,5 - Most deprived,51.47,46.69,56.24,71.12
1,29,56.34,52.92,59.77,2018,1 - Least deprived,49.41,44.47,54.34,71.85
2,30,65.04,62.14,67.94,2018,2,49.41,44.47,54.34,71.85
3,31,76.3,72.47,80.12,2018,3,49.41,44.47,54.34,71.85
4,30,82.13,78.51,85.75,2018,4,49.41,44.47,54.34,71.85
5,31,98.55,93.77,103.32,2018,5 - Most deprived,49.41,44.47,54.34,71.85
1,29,55.6,52.12,59.08,2019,1 - Least deprived,46.14,41.64,50.65,69.14
2,30,62.74,60.26,65.21,2019,2,46.14,41.64,50.65,69.14
3,31,71.4,68.4,74.39,2019,3,46.14,41.64,50.65,69.14
4,30,82.66,78.83,86.49,2019,4,46.14,41.64,50.65,69.14
5,31,93.13,89.49,96.77,2019,5 - Most deprived,46.14,41.64,50.65,69.14
1,29,57.95,54.72,61.17,2020,1 - Least deprived,54.42,48.86,59.97,74.21
2,30,66.43,63.4,69.47,2020,2,54.42,48.86,59.97,74.21
3,31,79.79,75.64,83.94,2020,3,54.42,48.86,59.97,74.21
4,30,85.77,81.85,89.7,2020,4,54.42,48.86,59.97,74.21
5,31,104.24,98.77,109.7,2020,5 - Most deprived,54.42,48.86,59.97,74.21
1,29,58.71,55.35,62.06,2021,1 - Least deprived,55.71,50.49,60.93,76.01
2,30,69.06,65.69,72.43,2021,2,55.71,50.49,60.93,76.01
3,31,79.95,75.54,84.36,2021,3,55.71,50.49,60.93,76.01
4,30,88.8,84.55,93.04,2021,4,55.71,50.49,60.93,76.01
5,31,104.66,99.28,110.04,2021,5 - Most deprived,55.71,50.49,60.93,76.01
1,29,60.99,57.86,64.12,2022,1 - Least deprived,55.17,49.78,60.56,77.76
2,30,71.96,68.16,75.76,2022,2,55.17,49.78,60.56,77.76
3,31,80.69,76.09,85.29,2022,3,55.17,49.78,60.56,77.76
4,30,89.7,85.15,94.25,2022,4,55.17,49.78,60.56,77.76
5,31,109.5,105.63,113.36,2022,5 - Most deprived,55.17,49.78,60.56,77.76
1,29,61.54,58.53,64.54,2023,1 - Least deprived,52.22,46.89,57.55,77.36
2,30,71.14,68.33,73.94,2023,2,52.22,46.89,57.55,77.36
3,31,80.14,75.02,85.25,2023,3,52.22,46.89,57.55,77.36
4,30,88.66,84.72,92.6,2023,4,52.22,46.89,57.55,77.36
5,31,105.57,100.94,110.19,2023,5 - Most deprived,52.22,46.89,57.55,77.36
1,29,57.77,53.94,61.61,2024,1 - Least deprived,51.69,45.75,57.64,74.31
2,30,69.01,65.07,72.96,2024,2,51.69,45.75,57.64,74.31
3,31,76.68,72.17,81.2,2024,3,51.69,45.75,57.64,74.31
4,30,85.2,80.89,89.51,2024,4,51.69,45.75,57.64,74.31
5,31,102.87,96.92,108.82,2024,5 - Most deprived,51.69,45.75,57.64,74.31
1,29,55.13,51.89,58.37,2025,1 - Least deprived,51.84,46.23,57.45,71.53
2,30,65.06,61.71,68.41,2025,2,51.84,46.23,57.45,71.53
3,31,72.98,68.44,77.51,2025,3,51.84,46.23,57.45,71.53
4,30,86.04,81.59,90.48,2025,4,51.84,46.23,57.45,71.53
5,31,98.66,93.67,103.65,2025,5 - Most deprived,51.84,46.23,57.45,71.53
