Area code,Area,Deprivation score (IMD 2025),Deprivation quintile,Deprivation quintile label,"Under-75 CVD deaths per 100,000 (2025)",Mortality lower 95% CI,Mortality upper 95% CI,Under-75 CVD deaths (count),Expected deaths at England rate,Funnel 95% lower (chance only),Funnel 95% upper (chance only),Funnel 99.8% lower (adjusted),Funnel 99.8% upper (adjusted),Funnel status,Smoking % (2024),Overweight or obese % (2024/25),Recorded hypertension % (QOF 2024/25),"Undiagnosed hypertension % (2021, modelled)","Undiagnosed hypertension (people, 2021)",Risk score (percentile),Outcome score (percentile),Priority area,"England: under-75 CVD deaths per 100,000",England: smoking %,England: overweight or obese %,England: undiagnosed hypertension %
E06000001,Hartlepool,37.58,5,5 - Most deprived,78.0,60.8,98.6,71.0,61.3,54.8,91.8,19.2,123.9,Within limits,14.8,72.8,18.6,8.91,6680.0,91.0,56.0,No,71.5,10.4,64.6,8.64
E06000002,Middlesbrough,40.04,5,5 - Most deprived,99.3,82.4,118.5,123.0,102.6,58.4,86.8,22.3,120.7,Within limits,14.1,69.7,14.8,8.45,9634.0,85.0,88.0,Yes,71.5,10.4,64.6,8.64
E06000003,Redcar and Cleveland,30.34,5,5 - Most deprived,79.3,65.3,95.4,114.0,86.7,57.3,88.3,21.5,121.6,Within limits,13.8,67.4,20.2,9.21,10354.0,75.0,59.0,No,71.5,10.4,64.6,8.64
E06000004,Stockton-on-Tees,25.83,4,4,84.2,71.6,98.5,158.0,130.8,59.8,84.9,23.4,119.7,Within limits,11.4,73.5,17.1,8.89,14091.0,77.0,68.0,No,71.5,10.4,64.6,8.64
E06000005,Darlington,25.71,4,4,81.3,65.0,100.5,86.0,71.4,55.9,90.2,20.3,122.8,Within limits,7.9,67.0,18.4,8.97,7935.0,37.0,66.0,No,71.5,10.4,64.6,8.64
E06000006,Halton,31.12,5,5 - Most deprived,101.5,84.3,121.2,123.0,85.4,57.2,88.4,21.4,121.7,Within limits,8.5,73.1,17.7,8.84,9199.0,59.0,91.0,No,71.5,10.4,64.6,8.64
E06000007,Warrington,16.84,2,2,79.6,67.5,93.2,156.0,137.2,60.1,84.5,23.6,119.5,Within limits,5.6,61.4,16.4,8.91,15418.0,16.0,61.0,No,71.5,10.4,64.6,8.64
E06000008,Blackburn with Darwen,36.9,5,5 - Most deprived,107.9,90.0,128.3,129.0,105.0,58.5,86.6,22.5,120.6,Within limits,12.6,67.0,15.0,8.32,9956.0,69.0,95.0,No,71.5,10.4,64.6,8.64
E06000009,Blackpool,43.47,5,5 - Most deprived,126.3,107.9,146.9,171.0,91.1,57.6,87.8,21.7,121.3,Above limits,20.8,67.8,19.4,9.01,10482.0,82.0,99.0,Yes,71.5,10.4,64.6,8.64
E06000010,Kingston upon Hull,37.21,5,5 - Most deprived,127.5,112.9,143.4,279.0,181.5,61.5,82.7,24.5,118.6,Above limits,18.4,69.6,15.5,8.34,17821.0,89.0,100.0,Yes,71.5,10.4,64.6,8.64
E06000011,East Riding of Yorkshire,15.76,2,2,61.9,54.2,70.3,242.0,217.7,62.3,81.7,25.0,118.1,Within limits,9.9,68.3,20.6,9.49,27432.0,58.0,28.0,No,71.5,10.4,64.6,8.64
E06000012,North East Lincolnshire,30.21,5,5 - Most deprived,92.6,78.0,109.2,143.0,100.7,58.2,86.9,22.3,120.8,Within limits,17.3,70.2,17.2,8.99,11495.0,89.0,79.0,No,71.5,10.4,64.6,8.64
E06000013,North Lincolnshire,23.47,3,3,80.1,67.2,94.9,136.0,108.1,58.7,86.4,22.6,120.5,Within limits,13.7,74.2,18.3,9.13,12763.0,92.0,63.0,No,71.5,10.4,64.6,8.64
E06000014,York,11.81,1,1 - Least deprived,56.3,45.6,68.7,96.0,134.8,60.0,84.7,23.5,119.5,Within limits,6.7,60.7,14.4,8.27,14154.0,15.0,17.0,No,71.5,10.4,64.6,8.64
E06000015,Derby,28.16,4,4,93.6,80.8,107.8,194.0,176.5,61.4,82.9,24.4,118.6,Within limits,10.8,70.9,14.2,8.36,17471.0,71.0,80.0,No,71.5,10.4,64.6,8.64
E06000016,Leicester,34.45,5,5 - Most deprived,111.0,98.3,124.8,285.0,265.9,63.2,80.7,25.4,117.6,Within limits,9.8,61.8,13.0,7.72,22359.0,37.0,97.0,No,71.5,10.4,64.6,8.64
E06000017,Rutland,9.85,1,1 - Least deprived,36.5,20.3,60.5,15.0,25.4,46.5,105.3,9.4,133.7,Within limits,5.0,65.0,19.9,9.24,3203.0,23.0,1.0,No,71.5,10.4,64.6,8.64
E06000018,Nottingham,33.75,5,5 - Most deprived,99.7,86.4,114.4,206.0,231.9,62.6,81.4,25.1,117.9,Within limits,13.1,71.8,11.4,7.31,19051.0,85.0,90.0,Yes,71.5,10.4,64.6,8.64
E06000019,Herefordshire,18.76,2,2,62.7,52.3,74.5,132.0,118.5,59.2,85.6,23.0,120.1,Within limits,11.8,64.6,19.2,9.41,14840.0,56.0,30.0,No,71.5,10.4,64.6,8.64
E06000020,Telford and Wrekin,24.42,3,3,70.1,57.9,84.1,117.0,128.2,59.7,85.0,23.3,119.7,Within limits,6.8,70.3,16.1,8.66,12901.0,45.0,41.0,No,71.5,10.4,64.6,8.64
E06000021,Stoke-on-Trent,33.61,5,5 - Most deprived,99.3,86.4,113.6,212.0,172.6,61.3,83.0,24.3,118.7,Within limits,13.4,73.7,17.2,8.52,17543.0,89.0,89.0,Yes,71.5,10.4,64.6,8.64
E06000022,Bath and North East Somerset,12.28,1,1 - Least deprived,51.8,41.4,64.0,86.0,130.5,59.8,84.9,23.4,119.7,Within limits,7.3,51.9,14.0,8.38,13475.0,8.0,10.0,No,71.5,10.4,64.6,8.64
E06000023,Bristol,22.5,3,3,76.1,66.7,86.4,244.0,338.2,64.1,79.6,25.8,117.2,Within limits,12.6,59.4,11.2,7.66,29777.0,51.0,52.0,No,71.5,10.4,64.6,8.64
E06000024,North Somerset,15.46,1,1 - Least deprived,53.3,44.0,64.0,115.0,139.0,60.1,84.5,23.6,119.4,Within limits,8.7,57.2,17.6,9.22,16527.0,21.0,13.0,No,71.5,10.4,64.6,8.64
E06000025,South Gloucestershire,11.61,1,1 - Least deprived,51.8,43.2,61.6,129.0,199.7,62.0,82.2,24.8,118.3,Within limits,7.3,67.2,15.9,8.64,20548.0,34.0,9.0,No,71.5,10.4,64.6,8.64
E06000026,Plymouth,24.09,3,3,84.1,72.6,96.9,193.0,176.2,61.4,82.9,24.4,118.6,Within limits,16.7,70.3,15.8,8.48,18535.0,89.0,68.0,No,71.5,10.4,64.6,8.64
E06000027,Torbay,26.92,4,4,88.8,74.1,105.5,132.0,86.0,57.2,88.3,21.4,121.6,Within limits,10.1,67.5,19.9,9.43,11055.0,55.0,74.0,No,71.5,10.4,64.6,8.64
E06000030,Swindon,17.55,2,2,66.7,55.8,79.0,134.0,159.0,60.8,83.6,24.1,119.0,Within limits,9.3,68.0,15.9,8.63,16187.0,52.0,38.0,No,71.5,10.4,64.6,8.64
E06000031,Peterborough,27.8,4,4,91.4,77.2,107.4,150.0,148.8,60.5,84.0,23.9,119.2,Within limits,15.1,73.9,13.4,8.29,13941.0,95.0,77.0,No,71.5,10.4,64.6,8.64
E06000032,Luton,29.55,4,4,95.5,80.3,112.7,146.0,159.8,60.9,83.5,24.1,118.9,Within limits,10.6,69.2,12.5,7.96,13738.0,65.0,83.0,No,71.5,10.4,64.6,8.64
E06000033,Southend-on-Sea,24.03,3,3,66.4,54.3,80.4,105.0,117.4,59.2,85.7,23.0,120.1,Within limits,8.4,58.2,15.7,8.82,12925.0,20.0,38.0,No,71.5,10.4,64.6,8.64
E06000034,Thurrock,21.03,3,3,77.8,63.0,94.8,100.0,121.5,59.4,85.4,23.1,120.0,Within limits,14.0,71.3,15.0,8.29,11304.0,87.0,56.0,No,71.5,10.4,64.6,8.64
E06000035,Medway,24.35,3,3,87.5,75.9,100.5,204.0,189.8,61.7,82.5,24.6,118.4,Within limits,11.2,68.0,15.4,8.56,19076.0,63.0,73.0,No,71.5,10.4,64.6,8.64
E06000036,Bracknell Forest,10.08,1,1 - Least deprived,50.6,37.9,66.1,54.0,86.6,57.3,88.3,21.5,121.6,Within limits,11.5,67.3,14.6,8.52,8567.0,62.0,7.0,No,71.5,10.4,64.6,8.64
E06000037,West Berkshire,11.05,1,1 - Least deprived,62.6,50.6,76.6,94.0,104.8,58.5,86.6,22.4,120.6,Within limits,8.0,58.7,16.0,9.0,11808.0,18.0,30.0,No,71.5,10.4,64.6,8.64
E06000038,Reading,18.56,2,2,79.4,63.9,97.4,94.0,122.4,59.4,85.4,23.1,119.9,Within limits,9.3,62.8,12.3,7.83,11010.0,36.0,60.0,No,71.5,10.4,64.6,8.64
E06000039,Slough,22.97,3,3,91.2,73.1,112.4,92.0,112.6,58.9,86.0,22.8,120.3,Within limits,6.8,65.3,12.7,7.9,9407.0,28.0,77.0,No,71.5,10.4,64.6,8.64
E06000040,Windsor and Maidenhead,8.88,1,1 - Least deprived,51.1,39.7,64.7,69.0,100.5,58.2,87.0,22.2,120.8,Within limits,6.7,59.3,14.0,8.87,11029.0,13.0,9.0,No,71.5,10.4,64.6,8.64
E06000041,Wokingham,6.1,1,1 - Least deprived,48.7,38.0,61.4,72.0,124.2,59.5,85.3,23.2,119.9,Within limits,7.1,57.5,13.9,8.75,12391.0,11.0,5.0,No,71.5,10.4,64.6,8.64
E06000042,Milton Keynes,18.5,2,2,55.6,46.3,66.2,128.0,202.5,62.0,82.1,24.8,118.3,Within limits,11.0,68.0,13.8,8.37,18907.0,63.0,15.0,No,71.5,10.4,64.6,8.64
E06000043,Brighton and Hove,20.27,3,3,61.6,51.3,73.3,129.0,192.6,61.8,82.4,24.7,118.4,Within limits,12.2,55.2,10.5,8.03,18852.0,42.0,27.0,No,71.5,10.4,64.6,8.64
E06000044,Portsmouth,26.38,4,4,89.1,74.9,105.1,142.0,143.1,60.3,84.3,23.7,119.3,Within limits,10.5,65.5,13.3,8.02,13638.0,50.0,75.0,No,71.5,10.4,64.6,8.64
E06000045,Southampton,25.61,4,4,92.9,79.3,108.3,167.0,178.3,61.4,82.8,24.4,118.6,Within limits,12.0,65.8,11.9,7.81,15869.0,61.0,79.0,No,71.5,10.4,64.6,8.64
E06000046,Isle of Wight,24.6,4,4,78.4,65.6,93.1,135.0,85.6,57.2,88.4,21.4,121.7,Within limits,9.9,58.9,21.0,9.63,11565.0,31.0,58.0,No,71.5,10.4,64.6,8.64
E06000047,County Durham,28.81,4,4,79.6,72.1,87.7,414.0,346.8,64.2,79.5,25.9,117.2,Within limits,8.8,69.3,19.3,8.93,38728.0,55.0,60.0,No,71.5,10.4,64.6,8.64
E06000049,Cheshire East,14.17,1,1 - Least deprived,64.8,57.1,73.1,263.0,265.3,63.2,80.7,25.4,117.7,Within limits,6.4,61.1,17.3,9.17,30373.0,16.0,34.0,No,71.5,10.4,64.6,8.64
E06000050,Cheshire West and Chester,17.74,2,2,73.7,65.0,83.4,257.0,236.8,62.7,81.2,25.2,117.9,Within limits,9.4,66.9,17.0,8.96,26534.0,48.0,47.0,No,71.5,10.4,64.6,8.64
E06000051,Shropshire,17.6,2,2,57.0,49.4,65.4,206.0,207.4,62.1,82.0,24.9,118.2,Within limits,6.1,64.0,18.8,9.35,25575.0,21.0,18.0,No,71.5,10.4,64.6,8.64
E06000052,Cornwall,22.32,3,3,67.8,61.4,74.7,421.0,369.5,64.4,79.2,26.0,117.1,Within limits,11.5,69.0,18.1,9.31,44609.0,69.0,40.0,No,71.5,10.4,64.6,8.64
E06000053,Isles of Scilly,12.65,1,1 - Least deprived,,,,,,,,,,,,60.3,,8.96,174.0,24.0,,No,71.5,10.4,64.6,8.64
E06000054,Wiltshire,13.61,1,1 - Least deprived,54.1,48.0,60.9,280.0,332.2,64.0,79.6,25.8,117.2,Within limits,8.4,64.3,16.9,9.09,38382.0,32.0,14.0,No,71.5,10.4,64.6,8.64
E06000055,Bedford,19.75,2,2,73.1,60.3,87.7,116.0,127.8,59.7,85.1,23.3,119.7,Within limits,12.4,72.9,15.2,8.59,12770.0,83.0,45.0,No,71.5,10.4,64.6,8.64
E06000056,Central Bedfordshire,13.1,1,1 - Least deprived,50.7,42.5,60.0,136.0,207.2,62.1,82.0,24.9,118.2,Within limits,9.5,65.2,15.2,8.81,20965.0,43.0,8.0,No,71.5,10.4,64.6,8.64
E06000057,Northumberland,21.96,3,3,63.8,55.7,72.7,233.0,205.6,62.1,82.0,24.8,118.2,Within limits,8.0,73.3,20.0,9.45,25512.0,56.0,32.0,No,71.5,10.4,64.6,8.64
E06000058,"Bournemouth, Christchurch and Poole",17.51,2,2,60.2,52.5,68.7,221.0,260.1,63.1,80.8,25.4,117.7,Within limits,9.1,64.8,15.5,8.78,29399.0,39.0,24.0,No,71.5,10.4,64.6,8.64
E06000059,Dorset,16.27,2,2,47.3,40.8,54.4,205.0,232.9,62.6,81.3,25.1,117.9,Within limits,9.9,66.3,19.7,9.65,31239.0,48.0,5.0,No,71.5,10.4,64.6,8.64
E06000060,Buckinghamshire UA,11.92,1,1 - Least deprived,52.0,45.8,58.8,256.0,369.8,64.4,79.2,26.0,117.1,Within limits,8.3,63.1,15.1,8.88,39540.0,30.0,11.0,No,71.5,10.4,64.6,8.64
E06000061,North Northamptonshire,18.47,2,2,75.1,65.9,85.2,243.0,242.7,62.8,81.1,25.2,117.8,Within limits,12.1,73.6,16.6,8.78,25477.0,84.0,50.0,No,71.5,10.4,64.6,8.64
E06000062,West Northamptonshire,16.65,2,2,66.1,58.0,75.0,242.0,289.7,63.5,80.3,25.6,117.5,Within limits,9.0,63.0,15.3,8.63,29727.0,35.0,36.0,No,71.5,10.4,64.6,8.64
E06000063,Cumberland,23.81,3,3,81.7,71.5,92.9,236.0,174.9,61.3,82.9,24.4,118.7,Within limits,,67.4,18.2,9.23,21074.0,61.0,66.0,No,71.5,10.4,64.6,8.64
E06000064,Westmorland and Furness,17.84,2,2,57.6,48.5,68.0,144.0,142.1,60.3,84.3,23.7,119.4,Within limits,,58.6,18.2,9.42,18150.0,16.0,19.0,No,71.5,10.4,64.6,8.64
E06000065,North Yorkshire UA,15.8,2,2,60.2,54.5,66.4,412.0,394.9,64.6,78.9,26.1,117.0,Within limits,,66.2,19.1,9.38,48732.0,53.0,25.0,No,71.5,10.4,64.6,8.64
E06000066,Somerset UA,19.14,2,2,58.5,52.5,65.0,358.0,365.8,64.4,79.2,26.0,117.1,Within limits,11.3,68.4,18.7,9.29,44294.0,66.0,21.0,No,71.5,10.4,64.6,8.64
E08000001,Bolton,31.41,5,5 - Most deprived,99.2,87.1,112.5,243.0,199.5,61.9,82.2,24.8,118.3,Within limits,11.5,67.9,14.8,8.61,20030.0,64.0,87.0,No,71.5,10.4,64.6,8.64
E08000002,Bury,24.01,3,3,89.9,76.0,105.6,149.0,127.3,59.6,85.1,23.3,119.8,Within limits,10.8,65.4,15.2,8.77,13592.0,52.0,75.0,No,71.5,10.4,64.6,8.64
E08000003,Manchester,38.68,5,5 - Most deprived,118.3,106.6,130.9,391.0,416.4,64.8,78.7,26.1,116.9,Above limits,15.6,60.9,10.5,7.26,31746.0,61.0,98.0,No,71.5,10.4,64.6,8.64
E08000004,Oldham,36.83,5,5 - Most deprived,99.3,85.7,114.5,191.0,163.5,61.0,83.4,24.2,118.9,Within limits,10.0,68.1,14.7,8.45,15814.0,59.0,89.0,No,71.5,10.4,64.6,8.64
E08000005,Rochdale,34.33,5,5 - Most deprived,104.6,90.6,120.3,199.0,153.5,60.7,83.8,24.0,119.1,Within limits,11.8,68.1,15.6,8.57,15017.0,69.0,94.0,No,71.5,10.4,64.6,8.64
E08000006,Salford,32.34,5,5 - Most deprived,119.0,103.6,136.0,218.0,199.9,62.0,82.2,24.8,118.3,Above limits,11.6,67.9,12.4,7.86,17124.0,65.0,99.0,No,71.5,10.4,64.6,8.64
E08000007,Stockport,18.4,2,2,74.5,64.5,85.6,198.0,194.1,61.8,82.3,24.7,118.4,Within limits,8.7,61.8,16.2,8.93,21378.0,31.0,48.0,No,71.5,10.4,64.6,8.64
E08000008,Tameside,29.84,4,4,104.1,90.5,119.2,211.0,155.0,60.7,83.7,24.0,119.1,Within limits,13.6,68.8,17.4,8.73,16181.0,80.0,93.0,Yes,71.5,10.4,64.6,8.64
E08000009,Trafford,14.97,1,1 - Least deprived,68.4,57.3,80.9,136.0,156.7,60.8,83.6,24.0,119.0,Within limits,7.4,63.2,15.1,8.76,16355.0,25.0,40.0,No,71.5,10.4,64.6,8.64
E08000010,Wigan,25.21,4,4,109.6,98.1,122.1,334.0,220.9,62.4,81.6,25.0,118.1,Within limits,11.1,73.7,18.0,8.87,23874.0,77.0,96.0,No,71.5,10.4,64.6,8.64
E08000011,Knowsley,36.16,5,5 - Most deprived,84.0,69.8,100.3,124.0,107.6,58.7,86.4,22.6,120.5,Within limits,12.3,74.6,16.7,8.65,10791.0,87.0,67.0,No,71.5,10.4,64.6,8.64
E08000012,Liverpool,37.11,5,5 - Most deprived,87.7,78.6,97.5,345.0,348.4,64.2,79.4,25.9,117.2,Within limits,11.9,67.9,14.0,7.99,32110.0,68.0,74.0,No,71.5,10.4,64.6,8.64
E08000013,St. Helens,28.95,4,4,95.8,81.7,111.5,166.0,120.4,59.3,85.5,23.1,120.0,Within limits,11.7,68.6,18.7,8.95,13498.0,70.0,83.0,No,71.5,10.4,64.6,8.64
E08000014,Sefton,25.15,4,4,73.1,63.5,83.9,208.0,178.9,61.4,82.8,24.5,118.6,Within limits,10.7,70.3,18.7,9.19,21393.0,68.0,46.0,No,71.5,10.4,64.6,8.64
E08000015,Wirral,27.47,4,4,74.5,65.3,84.6,239.0,206.3,62.1,82.0,24.8,118.2,Within limits,12.0,71.8,18.0,9.1,23902.0,80.0,49.0,No,71.5,10.4,64.6,8.64
E08000016,Barnsley,30.06,4,4,75.1,64.3,87.1,175.0,162.5,61.0,83.4,24.2,118.9,Within limits,12.5,74.4,18.2,8.91,17823.0,87.0,50.0,No,71.5,10.4,64.6,8.64
E08000017,Doncaster,30.52,5,5 - Most deprived,101.2,89.9,113.5,293.0,204.8,62.1,82.0,24.8,118.2,Within limits,14.1,71.5,16.9,8.86,22296.0,87.0,91.0,Yes,71.5,10.4,64.6,8.64
E08000018,Rotherham,29.84,4,4,77.6,66.9,89.5,190.0,174.9,61.3,83.0,24.4,118.7,Within limits,13.5,72.5,17.6,8.85,19118.0,87.0,55.0,No,71.5,10.4,64.6,8.64
E08000019,Sheffield,27.57,4,4,86.0,77.6,95.1,384.0,388.6,64.6,79.0,26.0,117.0,Within limits,11.5,67.4,14.0,8.22,37399.0,62.0,70.0,No,71.5,10.4,64.6,8.64
E08000021,Newcastle upon Tyne,28.83,4,4,97.1,84.6,110.9,219.0,215.2,62.3,81.8,24.9,118.1,Within limits,10.4,64.8,12.4,7.76,19149.0,46.0,85.0,No,71.5,10.4,64.6,8.64
E08000022,North Tyneside,20.93,3,3,80.0,68.2,93.2,165.0,138.1,60.1,84.5,23.6,119.5,Within limits,9.3,61.1,17.9,9.0,15470.0,33.0,62.0,No,71.5,10.4,64.6,8.64
E08000023,South Tyneside,31.06,5,5 - Most deprived,96.5,81.1,114.0,140.0,96.4,58.0,87.3,22.0,121.0,Within limits,14.9,74.4,17.2,9.03,10965.0,96.0,85.0,Yes,71.5,10.4,64.6,8.64
E08000024,Sunderland,32.76,5,5 - Most deprived,86.5,75.6,98.5,231.0,181.4,61.5,82.7,24.5,118.6,Within limits,9.4,77.0,18.9,8.93,20208.0,70.0,72.0,No,71.5,10.4,64.6,8.64
E08000025,Birmingham,38.12,5,5 - Most deprived,94.3,87.6,101.4,745.0,795.6,66.6,76.7,26.8,116.3,Within limits,12.2,67.6,12.6,7.89,70178.0,69.0,82.0,No,71.5,10.4,64.6,8.64
E08000026,Coventry,27.53,4,4,93.8,82.0,106.7,233.0,256.7,63.0,80.8,25.3,117.7,Within limits,10.6,66.8,12.8,7.99,22026.0,55.0,81.0,No,71.5,10.4,64.6,8.64
E08000027,Dudley,23.17,3,3,86.2,75.9,97.6,250.0,210.5,62.2,81.9,24.9,118.2,Within limits,11.7,72.2,18.2,8.85,23264.0,78.0,70.0,No,71.5,10.4,64.6,8.64
E08000028,Sandwell,33.77,5,5 - Most deprived,108.2,95.9,121.7,284.0,233.7,62.7,81.3,25.1,117.9,Within limits,16.8,75.1,15.3,8.33,22176.0,98.0,95.0,Yes,71.5,10.4,64.6,8.64
E08000029,Solihull,17.04,2,2,58.7,48.4,70.5,114.0,139.9,60.2,84.4,23.7,119.4,Within limits,10.0,61.1,15.8,8.97,15702.0,37.0,21.0,No,71.5,10.4,64.6,8.64
E08000030,Walsall,31.73,5,5 - Most deprived,90.4,78.5,103.6,209.0,190.5,61.7,82.4,24.6,118.4,Within limits,14.6,69.6,16.1,8.56,19114.0,85.0,76.0,No,71.5,10.4,64.6,8.64
E08000031,Wolverhampton,32.55,5,5 - Most deprived,99.1,86.3,113.2,217.0,182.7,61.5,82.7,24.5,118.5,Within limits,13.3,65.3,15.0,8.49,17727.0,65.0,87.0,No,71.5,10.4,64.6,8.64
E08000032,Bradford,36.71,5,5 - Most deprived,102.5,93.2,112.5,446.0,372.8,64.5,79.2,26.0,117.1,Within limits,12.6,64.5,14.8,8.33,35204.0,60.0,92.0,No,71.5,10.4,64.6,8.64
E08000033,Calderdale,27.58,4,4,93.9,80.7,108.8,180.0,135.0,60.0,84.7,23.5,119.5,Within limits,13.2,70.4,15.8,8.9,14866.0,83.0,81.0,Yes,71.5,10.4,64.6,8.64
E08000034,Kirklees,25.8,4,4,96.3,86.6,106.8,363.0,290.7,63.5,80.2,25.6,117.5,Within limits,12.6,68.1,15.8,8.63,29932.0,75.0,84.0,No,71.5,10.4,64.6,8.64
E08000035,Leeds,24.12,3,3,79.9,73.0,87.3,497.0,566.2,65.8,77.7,26.5,116.6,Within limits,12.8,65.0,13.9,8.12,53306.0,63.0,62.0,No,71.5,10.4,64.6,8.64
E08000036,Wakefield,27.25,4,4,87.4,77.6,98.1,288.0,239.4,62.8,81.2,25.2,117.9,Within limits,11.5,73.2,17.3,8.84,25442.0,79.0,72.0,No,71.5,10.4,64.6,8.64
E08000037,Gateshead,28.13,4,4,91.6,78.2,106.7,166.0,128.2,59.7,85.0,23.3,119.7,Within limits,8.3,70.5,18.1,8.9,14392.0,52.0,78.0,No,71.5,10.4,64.6,8.64
E09000001,City of London,10.21,1,1 - Least deprived,,,,,,,,,,,,51.1,9.7,7.94,644.0,4.0,,No,71.5,10.4,64.6,8.64
E09000002,Barking and Dagenham,30.27,5,5 - Most deprived,110.6,92.1,131.5,139.0,156.8,60.8,83.6,24.0,119.0,Within limits,15.4,71.7,12.4,7.74,12522.0,91.0,97.0,Yes,71.5,10.4,64.6,8.64
E09000003,Barnet,19.5,2,2,48.9,41.2,57.6,145.0,269.4,63.2,80.6,25.4,117.6,Within limits,8.5,53.3,12.1,8.29,25643.0,16.0,7.0,No,71.5,10.4,64.6,8.64
E09000004,Bexley,15.3,1,1 - Least deprived,81.2,69.1,94.7,163.0,165.3,61.0,83.3,24.2,118.8,Within limits,7.2,70.5,15.1,8.56,16796.0,47.0,65.0,No,71.5,10.4,64.6,8.64
E09000005,Brent,30.05,4,4,72.9,62.6,84.3,185.0,241.5,62.8,81.1,25.2,117.8,Within limits,10.6,58.2,10.8,7.93,21771.0,34.0,44.0,No,71.5,10.4,64.6,8.64
E09000006,Bromley,12.67,1,1 - Least deprived,53.1,44.8,62.5,146.0,216.6,62.3,81.7,25.0,118.1,Within limits,6.6,60.0,13.9,8.75,23192.0,13.0,12.0,No,71.5,10.4,64.6,8.64
E09000007,Camden,23.7,3,3,62.2,49.7,77.0,88.0,161.5,60.9,83.5,24.1,118.9,Within limits,11.7,48.9,8.7,7.53,13459.0,35.0,28.0,No,71.5,10.4,64.6,8.64
E09000008,Croydon,22.56,3,3,75.1,65.6,85.7,229.0,268.7,63.2,80.6,25.4,117.6,Within limits,12.6,61.4,13.2,8.28,25728.0,54.0,51.0,No,71.5,10.4,64.6,8.64
E09000009,Ealing,25.95,4,4,60.7,51.8,70.8,169.0,258.5,63.1,80.8,25.4,117.7,Within limits,7.4,59.0,12.9,8.09,23896.0,15.0,26.0,No,71.5,10.4,64.6,8.64
E09000010,Enfield,29.89,4,4,71.9,61.6,83.5,178.0,220.8,62.4,81.6,25.0,118.1,Within limits,13.7,63.0,13.9,8.26,21281.0,61.0,42.0,No,71.5,10.4,64.6,8.64
E09000011,Greenwich,23.54,3,3,81.0,68.5,95.1,158.0,208.3,62.1,81.9,24.9,118.2,Within limits,8.6,59.2,12.7,7.86,18103.0,24.0,64.0,No,71.5,10.4,64.6,8.64
E09000012,Hackney,31.8,5,5 - Most deprived,80.9,67.0,96.7,128.0,201.4,62.0,82.1,24.8,118.3,Within limits,15.0,56.1,9.2,7.33,15423.0,53.0,64.0,No,71.5,10.4,64.6,8.64
E09000013,Hammersmith and Fulham,21.2,3,3,62.9,49.2,79.2,76.0,133.9,59.9,84.7,23.5,119.6,Within limits,12.0,45.6,7.7,7.47,11569.0,37.0,31.0,No,71.5,10.4,64.6,8.64
E09000014,Haringey,30.86,5,5 - Most deprived,76.8,64.5,90.9,144.0,184.1,61.6,82.6,24.5,118.5,Within limits,19.0,56.0,11.1,7.9,17078.0,55.0,54.0,No,71.5,10.4,64.6,8.64
E09000015,Harrow,17.53,2,2,61.0,50.8,72.7,126.0,179.6,61.5,82.8,24.5,118.6,Within limits,8.6,53.6,13.8,8.36,17534.0,18.0,26.0,No,71.5,10.4,64.6,8.64
E09000016,Havering,16.76,2,2,73.0,62.0,85.4,157.0,177.3,61.4,82.9,24.4,118.6,Within limits,8.2,61.9,14.7,8.59,18029.0,26.0,44.0,No,71.5,10.4,64.6,8.64
E09000017,Hillingdon,20.65,3,3,73.5,62.7,85.6,169.0,218.2,62.4,81.7,25.0,118.1,Within limits,10.6,62.7,13.5,8.19,19760.0,42.0,46.0,No,71.5,10.4,64.6,8.64
E09000018,Hounslow,24.86,4,4,64.5,54.0,76.5,138.0,205.3,62.1,82.0,24.8,118.2,Within limits,8.1,61.0,12.7,8.12,18596.0,23.0,33.0,No,71.5,10.4,64.6,8.64
E09000019,Islington,26.65,4,4,76.3,61.7,93.2,103.0,164.4,61.0,83.3,24.2,118.9,Within limits,9.1,49.8,8.1,7.37,13559.0,19.0,53.0,No,71.5,10.4,64.6,8.64
E09000020,Kensington and Chelsea,20.34,3,3,41.9,30.7,55.8,48.0,104.5,58.5,86.6,22.4,120.6,Within limits,8.4,40.0,9.4,8.11,10056.0,12.0,1.0,No,71.5,10.4,64.6,8.64
E09000021,Kingston upon Thames,11.06,1,1 - Least deprived,44.0,33.2,57.2,57.0,116.2,59.1,85.8,22.9,120.1,Within limits,7.8,55.1,11.0,8.29,11229.0,12.0,2.0,No,71.5,10.4,64.6,8.64
E09000022,Lambeth,23.04,3,3,86.4,73.0,101.4,160.0,226.6,62.5,81.5,25.1,118.0,Within limits,10.7,51.4,9.9,7.4,19922.0,30.0,71.0,No,71.5,10.4,64.6,8.64
E09000023,Lewisham,25.47,4,4,104.0,89.6,119.9,203.0,210.6,62.2,81.9,24.9,118.2,Within limits,8.8,58.6,11.5,7.79,18873.0,24.0,93.0,No,71.5,10.4,64.6,8.64
E09000024,Merton,14.38,1,1 - Least deprived,59.1,47.5,72.6,93.0,147.8,60.5,84.0,23.8,119.2,Within limits,6.1,60.2,11.3,8.18,14168.0,13.0,23.0,No,71.5,10.4,64.6,8.64
E09000025,Newham,31.58,5,5 - Most deprived,98.4,84.3,114.1,193.0,268.8,63.2,80.6,25.4,117.6,Within limits,11.0,61.9,10.5,7.36,20333.0,46.0,86.0,No,71.5,10.4,64.6,8.64
E09000026,Redbridge,19.85,2,2,67.3,56.8,79.2,150.0,217.7,62.3,81.7,25.0,118.1,Within limits,8.5,60.8,11.9,8.07,19539.0,26.0,39.0,No,71.5,10.4,64.6,8.64
E09000027,Richmond upon Thames,9.53,1,1 - Least deprived,48.8,38.7,60.7,82.0,129.6,59.7,85.0,23.4,119.7,Within limits,9.3,43.1,10.7,8.76,13677.0,19.0,6.0,No,71.5,10.4,64.6,8.64
E09000028,Southwark,23.33,3,3,63.1,51.8,75.9,122.0,228.9,62.6,81.4,25.1,118.0,Within limits,6.8,52.1,11.0,7.43,19001.0,6.0,32.0,No,71.5,10.4,64.6,8.64
E09000029,Sutton,13.85,1,1 - Least deprived,56.0,44.9,69.0,90.0,142.3,60.3,84.3,23.7,119.3,Within limits,8.7,65.6,13.6,8.53,14143.0,40.0,16.0,No,71.5,10.4,64.6,8.64
E09000030,Tower Hamlets,30.55,5,5 - Most deprived,78.4,64.1,94.8,119.0,252.9,63.0,80.9,25.3,117.7,Within limits,14.2,55.6,7.7,6.75,17216.0,50.0,57.0,No,71.5,10.4,64.6,8.64
E09000031,Waltham Forest,23.45,3,3,85.9,72.7,100.8,158.0,195.1,61.8,82.3,24.7,118.4,Within limits,7.4,59.4,11.4,7.92,17572.0,18.0,69.0,No,71.5,10.4,64.6,8.64
E09000032,Wandsworth,15.16,1,1 - Least deprived,66.3,54.8,79.3,124.0,235.9,62.7,81.3,25.2,117.9,Within limits,8.5,51.3,8.8,7.4,20309.0,15.0,37.0,No,71.5,10.4,64.6,8.64
E09000033,Westminster,23.93,3,3,44.2,34.0,56.5,67.0,154.9,60.7,83.7,24.0,119.1,Within limits,14.1,56.2,7.8,7.69,13761.0,50.0,3.0,No,71.5,10.4,64.6,8.64
E10000003,Cambridgeshire,13.33,1,1 - Least deprived,56.1,50.3,62.4,340.0,464.0,65.2,78.3,26.3,116.8,Within limits,10.0,56.8,14.1,8.6,48290.0,29.0,17.0,No,71.5,10.4,64.6,8.64
E10000007,Derbyshire,19.39,2,2,72.0,66.2,78.0,590.0,520.5,65.5,77.9,26.4,116.7,Within limits,8.9,66.3,18.5,9.16,60641.0,44.0,42.0,No,71.5,10.4,64.6,8.64
E10000008,Devon,17.72,2,2,52.9,48.2,57.9,476.0,526.9,65.6,77.9,26.4,116.6,Within limits,11.8,61.3,17.9,9.26,63561.0,49.0,11.0,No,71.5,10.4,64.6,8.64
E10000011,East Sussex,21.23,3,3,65.0,58.6,71.9,382.0,344.4,64.2,79.5,25.9,117.2,Within limits,11.2,63.3,18.4,9.39,42907.0,50.0,34.0,No,71.5,10.4,64.6,8.64
E10000012,Essex,17.7,2,2,65.3,61.1,69.7,908.0,993.2,67.1,76.1,26.9,116.2,Within limits,9.7,67.5,16.1,8.92,109432.0,53.0,35.0,No,71.5,10.4,64.6,8.64
E10000013,Gloucestershire,15.15,1,1 - Least deprived,62.3,56.3,68.7,398.0,424.5,64.9,78.7,26.2,116.9,Within limits,8.3,66.2,16.5,9.01,48121.0,37.0,29.0,No,71.5,10.4,64.6,8.64
E10000014,Hampshire,12.78,1,1 - Least deprived,53.5,49.7,57.6,732.0,910.9,67.0,76.3,26.8,116.2,Within limits,7.7,63.7,17.4,9.05,104681.0,28.0,13.0,No,71.5,10.4,64.6,8.64
E10000015,Hertfordshire,13.01,1,1 - Least deprived,57.6,53.0,62.5,583.0,800.6,66.7,76.7,26.8,116.3,Within limits,8.0,63.1,14.2,8.67,83354.0,27.0,20.0,No,71.5,10.4,64.6,8.64
E10000016,Kent,20.7,3,3,66.1,62.0,70.4,968.0,1049.4,67.3,76.0,26.9,116.1,Within limits,10.8,66.5,16.4,8.88,113613.0,56.0,36.0,No,71.5,10.4,64.6,8.64
E10000017,Lancashire,23.56,3,3,78.9,73.9,84.1,944.0,825.1,66.7,76.6,26.8,116.3,Within limits,9.5,68.6,17.1,8.89,90159.0,57.0,58.0,No,71.5,10.4,64.6,8.64
E10000018,Leicestershire,12.81,1,1 - Least deprived,60.5,54.8,66.6,415.0,478.6,65.3,78.2,26.3,116.8,Within limits,7.4,67.3,17.1,8.89,52293.0,35.0,25.0,No,71.5,10.4,64.6,8.64
E10000019,Lincolnshire,22.24,3,3,74.4,68.5,80.6,595.0,499.0,65.4,78.1,26.4,116.7,Within limits,14.4,69.1,18.9,9.11,58430.0,84.0,48.0,No,71.5,10.4,64.6,8.64
E10000020,Norfolk,21.18,3,3,57.4,52.7,62.5,545.0,592.6,65.9,77.5,26.5,116.5,Within limits,8.7,65.1,17.9,9.12,70210.0,38.0,19.0,No,71.5,10.4,64.6,8.64
E10000024,Nottinghamshire,18.6,2,2,77.0,71.0,83.3,614.0,544.3,65.6,77.8,26.4,116.6,Within limits,10.3,68.5,17.0,9.02,61362.0,60.0,54.0,No,71.5,10.4,64.6,8.64
E10000025,Oxfordshire,11.19,1,1 - Least deprived,46.5,41.3,52.1,296.0,500.0,65.4,78.1,26.4,116.7,Within limits,7.5,59.2,13.7,8.52,50837.0,17.0,3.0,No,71.5,10.4,64.6,8.64
E10000028,Staffordshire,16.51,2,2,75.3,69.6,81.3,648.0,570.6,65.8,77.6,26.5,116.6,Within limits,12.6,68.6,18.0,9.08,66114.0,76.0,52.0,No,71.5,10.4,64.6,8.64
E10000029,Suffolk,18.85,2,2,59.0,53.7,64.7,456.0,488.8,65.3,78.2,26.3,116.7,Within limits,10.5,66.3,18.0,9.14,57844.0,52.0,22.0,No,71.5,10.4,64.6,8.64
E10000030,Surrey,10.13,1,1 - Least deprived,46.6,42.5,50.9,491.0,799.2,66.7,76.7,26.8,116.3,Within limits,7.4,59.1,14.4,8.81,85975.0,16.0,4.0,No,71.5,10.4,64.6,8.64
E10000031,Warwickshire,15.59,2,2,72.7,65.8,80.2,406.0,402.6,64.7,78.9,26.1,117.0,Within limits,9.6,65.9,16.5,8.89,43812.0,46.0,43.0,No,71.5,10.4,64.6,8.64
E10000032,West Sussex,14.8,1,1 - Least deprived,54.6,49.8,59.8,478.0,573.8,65.8,77.6,26.5,116.6,Within limits,10.6,65.6,17.1,9.12,66512.0,51.0,15.0,No,71.5,10.4,64.6,8.64
E10000034,Worcestershire,17.31,2,2,59.9,53.9,66.5,362.0,390.3,64.6,79.0,26.1,117.0,Within limits,7.5,63.0,18.5,9.12,45659.0,25.0,23.0,No,71.5,10.4,64.6,8.64
