Indicator ID,Indicator Name,Parent Code,Parent Name,Area Code,Area Name,Area Type,Sex,Age,Category Type,Category,Time period,Value,Lower CI 95.0 limit,Upper CI 95.0 limit,Lower CI 99.8 limit,Upper CI 99.8 limit,Count,Denominator,Value note,Recent Trend,Compared to England value or percentiles,Compared to percentiles,Time period Sortable,New data,Compared to goal,Time period range
94240,Deprivation score (IMD 2025),,,E92000001,England,England,Persons,All ages,,,2025,21.80951,,,,,,,,Cannot be calculated,Not compared,Not compared,20250000,,,1y
94240,Deprivation score (IMD 2025),E92000001,England,E92000001,England,England,Persons,All ages,,,2025,21.80951,,,,,,,,Cannot be calculated,Not compared,Not compared,20250000,,,1y
94240,Deprivation score (IMD 2025),E92000001,England,E06000001,Hartlepool,Counties & UAs (from Apr 2023),Persons,All ages,,,2025,37.58,,,,,,,,Cannot be calculated,Not compared,Not compared,20250000,,,1y
94240,Deprivation score (IMD 2025),E92000001,England,E06000002,Middlesbrough,Counties & UAs (from Apr 2023),Persons,All ages,,,2025,40.037,,,,,,,,Cannot be calculated,Not compared,Not compared,20250000,,,1y
94240,Deprivation score (IMD 2025),E92000001,England,E06000003,Redcar and Cleveland,Counties & UAs (from Apr 2023),Persons,All ages,,,2025,30.336,,,,,,,,Cannot be calculated,Not compared,Not compared,20250000,,,1y
94240,Deprivation score (IMD 2025),E92000001,England,E06000004,Stockton-on-Tees,Counties & UAs (from Apr 2023),Persons,All ages,,,2025,25.83,,,,,,,,Cannot be calculated,Not compared,Not compared,20250000,,,1y
94240,Deprivation score (IMD 2025),E92000001,England,E06000005,Darlington,Counties & UAs (from Apr 2023),Persons,All ages,,,2025,25.713,,,,,,,,Cannot be calculated,Not compared,Not compared,20250000,,,1y
94240,Deprivation score (IMD 2025),E92000001,England,E06000006,Halton,Counties & UAs (from Apr 2023),Persons,All ages,,,2025,31.117,,,,,,,,Cannot be calculated,Not compared,Not compared,20250000,,,1y
94240,Deprivation score (IMD 2025),E92000001,England,E06000007,Warrington,Counties & UAs (from Apr 2023),Persons,All ages,,,2025,16.835,,,,,,,,Cannot be calculated,Not compared,Not compared,20250000,,,1y
94240,Deprivation score (IMD 2025),E92000001,England,E06000008,Blackburn with Darwen,Counties & UAs (from Apr 2023),Persons,All ages,,,2025,36.899,,,,,,,,Cannot be calculated,Not compared,Not compared,20250000,,,1y
94240,Deprivation score (IMD 2025),E92000001,England,E06000009,Blackpool,Counties & UAs (from Apr 2023),Persons,All ages,,,2025,43.467,,,,,,,,Cannot be calculated,Not compared,Not compared,20250000,,,1y
94240,Deprivation score (IMD 2025),E92000001,England,E06000010,Kingston upon Hull,Counties & UAs (from Apr 2023),Persons,All ages,,,2025,37.206,,,,,,,,Cannot be calculated,Not compared,Not compared,20250000,,,1y
94240,Deprivation score (IMD 2025),E92000001,England,E06000011,East Riding of Yorkshire,Counties & UAs (from Apr 2023),Persons,All ages,,,2025,15.755,,,,,,,,Cannot be calculated,Not compared,Not compared,20250000,,,1y
94240,Deprivation score (IMD 2025),E92000001,England,E06000012,North East Lincolnshire,Counties & UAs (from Apr 2023),Persons,All ages,,,2025,30.213,,,,,,,,Cannot be calculated,Not compared,Not compared,20250000,,,1y
94240,Deprivation score (IMD 2025),E92000001,England,E06000013,North Lincolnshire,Counties & UAs (from Apr 2023),Persons,All ages,,,2025,23.473,,,,,,,,Cannot be calculated,Not compared,Not compared,20250000,,,1y
94240,Deprivation score (IMD 2025),E92000001,England,E06000014,York,Counties & UAs (from Apr 2023),Persons,All ages,,,2025,11.814,,,,,,,,Cannot be calculated,Not compared,Not compared,20250000,,,1y
94240,Deprivation score (IMD 2025),E92000001,England,E06000015,Derby,Counties & UAs (from Apr 2023),Persons,All ages,,,2025,28.155,,,,,,,,Cannot be calculated,Not compared,Not compared,20250000,,,1y
94240,Deprivation score (IMD 2025),E92000001,England,E06000016,Leicester,Counties & UAs (from Apr 2023),Persons,All ages,,,2025,34.449,,,,,,,,Cannot be calculated,Not compared,Not compared,20250000,,,1y
94240,Deprivation score (IMD 2025),E92000001,England,E06000017,Rutland,Counties & UAs (from Apr 2023),Persons,All ages,,,2025,9.851,,,,,,,,Cannot be calculated,Not compared,Not compared,20250000,,,1y
94240,Deprivation score (IMD 2025),E92000001,England,E06000018,Nottingham,Counties & UAs (from Apr 2023),Persons,All ages,,,2025,33.747,,,,,,,,Cannot be calculated,Not compared,Not compared,20250000,,,1y
94240,Deprivation score (IMD 2025),E92000001,England,E06000019,Herefordshire,Counties & UAs (from Apr 2023),Persons,All ages,,,2025,18.762,,,,,,,,Cannot be calculated,Not compared,Not compared,20250000,,,1y
94240,Deprivation score (IMD 2025),E92000001,England,E06000020,Telford and Wrekin,Counties & UAs (from Apr 2023),Persons,All ages,,,2025,24.423,,,,,,,,Cannot be calculated,Not compared,Not compared,20250000,,,1y
94240,Deprivation score (IMD 2025),E92000001,England,E06000021,Stoke-on-Trent,Counties & UAs (from Apr 2023),Persons,All ages,,,2025,33.614,,,,,,,,Cannot be calculated,Not compared,Not compared,20250000,,,1y
94240,Deprivation score (IMD 2025),E92000001,England,E06000022,Bath and North East Somerset,Counties & UAs (from Apr 2023),Persons,All ages,,,2025,12.281,,,,,,,,Cannot be calculated,Not compared,Not compared,20250000,,,1y
94240,Deprivation score (IMD 2025),E92000001,England,E06000023,Bristol,Counties & UAs (from Apr 2023),Persons,All ages,,,2025,22.496,,,,,,,,Cannot be calculated,Not compared,Not compared,20250000,,,1y
94240,Deprivation score (IMD 2025),E92000001,England,E06000024,North Somerset,Counties & UAs (from Apr 2023),Persons,All ages,,,2025,15.456,,,,,,,,Cannot be calculated,Not compared,Not compared,20250000,,,1y
94240,Deprivation score (IMD 2025),E92000001,England,E06000025,South Gloucestershire,Counties & UAs (from Apr 2023),Persons,All ages,,,2025,11.614,,,,,,,,Cannot be calculated,Not compared,Not compared,20250000,,,1y
94240,Deprivation score (IMD 2025),E92000001,England,E06000026,Plymouth,Counties & UAs (from Apr 2023),Persons,All ages,,,2025,24.087,,,,,,,,Cannot be calculated,Not compared,Not compared,20250000,,,1y
94240,Deprivation score (IMD 2025),E92000001,England,E06000027,Torbay,Counties & UAs (from Apr 2023),Persons,All ages,,,2025,26.917,,,,,,,,Cannot be calculated,Not compared,Not compared,20250000,,,1y
94240,Deprivation score (IMD 2025),E92000001,England,E06000030,Swindon,Counties & UAs (from Apr 2023),Persons,All ages,,,2025,17.554,,,,,,,,Cannot be calculated,Not compared,Not compared,20250000,,,1y
94240,Deprivation score (IMD 2025),E92000001,England,E06000031,Peterborough,Counties & UAs (from Apr 2023),Persons,All ages,,,2025,27.799,,,,,,,,Cannot be calculated,Not compared,Not compared,20250000,,,1y
94240,Deprivation score (IMD 2025),E92000001,England,E06000032,Luton,Counties & UAs (from Apr 2023),Persons,All ages,,,2025,29.548,,,,,,,,Cannot be calculated,Not compared,Not compared,20250000,,,1y
94240,Deprivation score (IMD 2025),E92000001,England,E06000033,Southend-on-Sea,Counties & UAs (from Apr 2023),Persons,All ages,,,2025,24.027,,,,,,,,Cannot be calculated,Not compared,Not compared,20250000,,,1y
94240,Deprivation score (IMD 2025),E92000001,England,E06000034,Thurrock,Counties & UAs (from Apr 2023),Persons,All ages,,,2025,21.032,,,,,,,,Cannot be calculated,Not compared,Not compared,20250000,,,1y
94240,Deprivation score (IMD 2025),E92000001,England,E06000035,Medway,Counties & UAs (from Apr 2023),Persons,All ages,,,2025,24.354,,,,,,,,Cannot be calculated,Not compared,Not compared,20250000,,,1y
94240,Deprivation score (IMD 2025),E92000001,England,E06000036,Bracknell Forest,Counties & UAs (from Apr 2023),Persons,All ages,,,2025,10.084,,,,,,,,Cannot be calculated,Not compared,Not compared,20250000,,,1y
94240,Deprivation score (IMD 2025),E92000001,England,E06000037,West Berkshire,Counties & UAs (from Apr 2023),Persons,All ages,,,2025,11.049,,,,,,,,Cannot be calculated,Not compared,Not compared,20250000,,,1y
94240,Deprivation score (IMD 2025),E92000001,England,E06000038,Reading,Counties & UAs (from Apr 2023),Persons,All ages,,,2025,18.558,,,,,,,,Cannot be calculated,Not compared,Not compared,20250000,,,1y
94240,Deprivation score (IMD 2025),E92000001,England,E06000039,Slough,Counties & UAs (from Apr 2023),Persons,All ages,,,2025,22.967,,,,,,,,Cannot be calculated,Not compared,Not compared,20250000,,,1y
94240,Deprivation score (IMD 2025),E92000001,England,E06000040,Windsor and Maidenhead,Counties & UAs (from Apr 2023),Persons,All ages,,,2025,8.881,,,,,,,,Cannot be calculated,Not compared,Not compared,20250000,,,1y
94240,Deprivation score (IMD 2025),E92000001,England,E06000041,Wokingham,Counties & UAs (from Apr 2023),Persons,All ages,,,2025,6.102,,,,,,,,Cannot be calculated,Not compared,Not compared,20250000,,,1y
94240,Deprivation score (IMD 2025),E92000001,England,E06000042,Milton Keynes,Counties & UAs (from Apr 2023),Persons,All ages,,,2025,18.503,,,,,,,,Cannot be calculated,Not compared,Not compared,20250000,,,1y
94240,Deprivation score (IMD 2025),E92000001,England,E06000043,Brighton and Hove,Counties & UAs (from Apr 2023),Persons,All ages,,,2025,20.266,,,,,,,,Cannot be calculated,Not compared,Not compared,20250000,,,1y
94240,Deprivation score (IMD 2025),E92000001,England,E06000044,Portsmouth,Counties & UAs (from Apr 2023),Persons,All ages,,,2025,26.378,,,,,,,,Cannot be calculated,Not compared,Not compared,20250000,,,1y
94240,Deprivation score (IMD 2025),E92000001,England,E06000045,Southampton,Counties & UAs (from Apr 2023),Persons,All ages,,,2025,25.611,,,,,,,,Cannot be calculated,Not compared,Not compared,20250000,,,1y
94240,Deprivation score (IMD 2025),E92000001,England,E06000046,Isle of Wight,Counties & UAs (from Apr 2023),Persons,All ages,,,2025,24.599,,,,,,,,Cannot be calculated,Not compared,Not compared,20250000,,,1y
94240,Deprivation score (IMD 2025),E92000001,England,E06000047,County Durham,Counties & UAs (from Apr 2023),Persons,All ages,,,2025,28.808,,,,,,,,Cannot be calculated,Not compared,Not compared,20250000,,,1y
94240,Deprivation score (IMD 2025),E92000001,England,E06000049,Cheshire East,Counties & UAs (from Apr 2023),Persons,All ages,,,2025,14.169,,,,,,,,Cannot be calculated,Not compared,Not compared,20250000,,,1y
94240,Deprivation score (IMD 2025),E92000001,England,E06000050,Cheshire West and Chester,Counties & UAs (from Apr 2023),Persons,All ages,,,2025,17.736,,,,,,,,Cannot be calculated,Not compared,Not compared,20250000,,,1y
94240,Deprivation score (IMD 2025),E92000001,England,E06000051,Shropshire,Counties & UAs (from Apr 2023),Persons,All ages,,,2025,17.604,,,,,,,,Cannot be calculated,Not compared,Not compared,20250000,,,1y
94240,Deprivation score (IMD 2025),E92000001,England,E06000052,Cornwall,Counties & UAs (from Apr 2023),Persons,All ages,,,2025,22.321,,,,,,,,Cannot be calculated,Not compared,Not compared,20250000,,,1y
94240,Deprivation score (IMD 2025),E92000001,England,E06000053,Isles of Scilly,Counties & UAs (from Apr 2023),Persons,All ages,,,2025,12.65,,,,,,,,Cannot be calculated,Not compared,Not compared,20250000,,,1y
94240,Deprivation score (IMD 2025),E92000001,England,E06000054,Wiltshire,Counties & UAs (from Apr 2023),Persons,All ages,,,2025,13.608,,,,,,,,Cannot be calculated,Not compared,Not compared,20250000,,,1y
94240,Deprivation score (IMD 2025),E92000001,England,E06000055,Bedford,Counties & UAs (from Apr 2023),Persons,All ages,,,2025,19.747,,,,,,,,Cannot be calculated,Not compared,Not compared,20250000,,,1y
94240,Deprivation score (IMD 2025),E92000001,England,E06000056,Central Bedfordshire,Counties & UAs (from Apr 2023),Persons,All ages,,,2025,13.102,,,,,,,,Cannot be calculated,Not compared,Not compared,20250000,,,1y
94240,Deprivation score (IMD 2025),E92000001,England,E06000057,Northumberland,Counties & UAs (from Apr 2023),Persons,All ages,,,2025,21.963,,,,,,,,Cannot be calculated,Not compared,Not compared,20250000,,,1y
94240,Deprivation score (IMD 2025),E92000001,England,E06000058,"Bournemouth, Christchurch and Poole",Counties & UAs (from Apr 2023),Persons,All ages,,,2025,17.513,,,,,,,,Cannot be calculated,Not compared,Not compared,20250000,,,1y
94240,Deprivation score (IMD 2025),E92000001,England,E06000059,Dorset,Counties & UAs (from Apr 2023),Persons,All ages,,,2025,16.268,,,,,,,,Cannot be calculated,Not compared,Not compared,20250000,,,1y
94240,Deprivation score (IMD 2025),E92000001,England,E06000060,Buckinghamshire UA,Counties & UAs (from Apr 2023),Persons,All ages,,,2025,11.921,,,,,,,,Cannot be calculated,Not compared,Not compared,20250000,,,1y
94240,Deprivation score (IMD 2025),E92000001,England,E06000061,North Northamptonshire,Counties & UAs (from Apr 2023),Persons,All ages,,,2025,18.472,,,,,,,,Cannot be calculated,Not compared,Not compared,20250000,,,1y
94240,Deprivation score (IMD 2025),E92000001,England,E06000062,West Northamptonshire,Counties & UAs (from Apr 2023),Persons,All ages,,,2025,16.654,,,,,,,,Cannot be calculated,Not compared,Not compared,20250000,,,1y
94240,Deprivation score (IMD 2025),E92000001,England,E06000063,Cumberland,Counties & UAs (from Apr 2023),Persons,All ages,,,2025,23.807,,,,,,,,Cannot be calculated,Not compared,Not compared,20250000,,,1y
94240,Deprivation score (IMD 2025),E92000001,England,E06000064,Westmorland and Furness,Counties & UAs (from Apr 2023),Persons,All ages,,,2025,17.836,,,,,,,,Cannot be calculated,Not compared,Not compared,20250000,,,1y
94240,Deprivation score (IMD 2025),E92000001,England,E06000065,North Yorkshire UA,Counties & UAs (from Apr 2023),Persons,All ages,,,2025,15.799,,,,,,,,Cannot be calculated,Not compared,Not compared,20250000,,,1y
94240,Deprivation score (IMD 2025),E92000001,England,E06000066,Somerset UA,Counties & UAs (from Apr 2023),Persons,All ages,,,2025,19.137,,,,,,,,Cannot be calculated,Not compared,Not compared,20250000,,,1y
94240,Deprivation score (IMD 2025),E92000001,England,E08000001,Bolton,Counties & UAs (from Apr 2023),Persons,All ages,,,2025,31.41,,,,,,,,Cannot be calculated,Not compared,Not compared,20250000,,,1y
94240,Deprivation score (IMD 2025),E92000001,England,E08000002,Bury,Counties & UAs (from Apr 2023),Persons,All ages,,,2025,24.008,,,,,,,,Cannot be calculated,Not compared,Not compared,20250000,,,1y
94240,Deprivation score (IMD 2025),E92000001,England,E08000003,Manchester,Counties & UAs (from Apr 2023),Persons,All ages,,,2025,38.677,,,,,,,,Cannot be calculated,Not compared,Not compared,20250000,,,1y
94240,Deprivation score (IMD 2025),E92000001,England,E08000004,Oldham,Counties & UAs (from Apr 2023),Persons,All ages,,,2025,36.83,,,,,,,,Cannot be calculated,Not compared,Not compared,20250000,,,1y
94240,Deprivation score (IMD 2025),E92000001,England,E08000005,Rochdale,Counties & UAs (from Apr 2023),Persons,All ages,,,2025,34.331,,,,,,,,Cannot be calculated,Not compared,Not compared,20250000,,,1y
94240,Deprivation score (IMD 2025),E92000001,England,E08000006,Salford,Counties & UAs (from Apr 2023),Persons,All ages,,,2025,32.345,,,,,,,,Cannot be calculated,Not compared,Not compared,20250000,,,1y
94240,Deprivation score (IMD 2025),E92000001,England,E08000007,Stockport,Counties & UAs (from Apr 2023),Persons,All ages,,,2025,18.404,,,,,,,,Cannot be calculated,Not compared,Not compared,20250000,,,1y
94240,Deprivation score (IMD 2025),E92000001,England,E08000008,Tameside,Counties & UAs (from Apr 2023),Persons,All ages,,,2025,29.836,,,,,,,,Cannot be calculated,Not compared,Not compared,20250000,,,1y
94240,Deprivation score (IMD 2025),E92000001,England,E08000009,Trafford,Counties & UAs (from Apr 2023),Persons,All ages,,,2025,14.972,,,,,,,,Cannot be calculated,Not compared,Not compared,20250000,,,1y
94240,Deprivation score (IMD 2025),E92000001,England,E08000010,Wigan,Counties & UAs (from Apr 2023),Persons,All ages,,,2025,25.206,,,,,,,,Cannot be calculated,Not compared,Not compared,20250000,,,1y
94240,Deprivation score (IMD 2025),E92000001,England,E08000011,Knowsley,Counties & UAs (from Apr 2023),Persons,All ages,,,2025,36.157,,,,,,,,Cannot be calculated,Not compared,Not compared,20250000,,,1y
94240,Deprivation score (IMD 2025),E92000001,England,E08000012,Liverpool,Counties & UAs (from Apr 2023),Persons,All ages,,,2025,37.11,,,,,,,,Cannot be calculated,Not compared,Not compared,20250000,,,1y
94240,Deprivation score (IMD 2025),E92000001,England,E08000013,St. Helens,Counties & UAs (from Apr 2023),Persons,All ages,,,2025,28.953,,,,,,,,Cannot be calculated,Not compared,Not compared,20250000,,,1y
94240,Deprivation score (IMD 2025),E92000001,England,E08000014,Sefton,Counties & UAs (from Apr 2023),Persons,All ages,,,2025,25.15,,,,,,,,Cannot be calculated,Not compared,Not compared,20250000,,,1y
94240,Deprivation score (IMD 2025),E92000001,England,E08000015,Wirral,Counties & UAs (from Apr 2023),Persons,All ages,,,2025,27.473,,,,,,,,Cannot be calculated,Not compared,Not compared,20250000,,,1y
94240,Deprivation score (IMD 2025),E92000001,England,E08000016,Barnsley,Counties & UAs (from Apr 2023),Persons,All ages,,,2025,30.057,,,,,,,,Cannot be calculated,Not compared,Not compared,20250000,,,1y
94240,Deprivation score (IMD 2025),E92000001,England,E08000017,Doncaster,Counties & UAs (from Apr 2023),Persons,All ages,,,2025,30.523,,,,,,,,Cannot be calculated,Not compared,Not compared,20250000,,,1y
94240,Deprivation score (IMD 2025),E92000001,England,E08000018,Rotherham,Counties & UAs (from Apr 2023),Persons,All ages,,,2025,29.836,,,,,,,,Cannot be calculated,Not compared,Not compared,20250000,,,1y
94240,Deprivation score (IMD 2025),E92000001,England,E08000019,Sheffield,Counties & UAs (from Apr 2023),Persons,All ages,,,2025,27.574,,,,,,,,Cannot be calculated,Not compared,Not compared,20250000,,,1y
94240,Deprivation score (IMD 2025),E92000001,England,E08000021,Newcastle upon Tyne,Counties & UAs (from Apr 2023),Persons,All ages,,,2025,28.834,,,,,,,,Cannot be calculated,Not compared,Not compared,20250000,,,1y
94240,Deprivation score (IMD 2025),E92000001,England,E08000022,North Tyneside,Counties & UAs (from Apr 2023),Persons,All ages,,,2025,20.932,,,,,,,,Cannot be calculated,Not compared,Not compared,20250000,,,1y
94240,Deprivation score (IMD 2025),E92000001,England,E08000023,South Tyneside,Counties & UAs (from Apr 2023),Persons,All ages,,,2025,31.061,,,,,,,,Cannot be calculated,Not compared,Not compared,20250000,,,1y
94240,Deprivation score (IMD 2025),E92000001,England,E08000024,Sunderland,Counties & UAs (from Apr 2023),Persons,All ages,,,2025,32.76,,,,,,,,Cannot be calculated,Not compared,Not compared,20250000,,,1y
94240,Deprivation score (IMD 2025),E92000001,England,E08000025,Birmingham,Counties & UAs (from Apr 2023),Persons,All ages,,,2025,38.115,,,,,,,,Cannot be calculated,Not compared,Not compared,20250000,,,1y
94240,Deprivation score (IMD 2025),E92000001,England,E08000026,Coventry,Counties & UAs (from Apr 2023),Persons,All ages,,,2025,27.528,,,,,,,,Cannot be calculated,Not compared,Not compared,20250000,,,1y
94240,Deprivation score (IMD 2025),E92000001,England,E08000027,Dudley,Counties & UAs (from Apr 2023),Persons,All ages,,,2025,23.174,,,,,,,,Cannot be calculated,Not compared,Not compared,20250000,,,1y
94240,Deprivation score (IMD 2025),E92000001,England,E08000028,Sandwell,Counties & UAs (from Apr 2023),Persons,All ages,,,2025,33.772,,,,,,,,Cannot be calculated,Not compared,Not compared,20250000,,,1y
94240,Deprivation score (IMD 2025),E92000001,England,E08000029,Solihull,Counties & UAs (from Apr 2023),Persons,All ages,,,2025,17.04,,,,,,,,Cannot be calculated,Not compared,Not compared,20250000,,,1y
94240,Deprivation score (IMD 2025),E92000001,England,E08000030,Walsall,Counties & UAs (from Apr 2023),Persons,All ages,,,2025,31.732,,,,,,,,Cannot be calculated,Not compared,Not compared,20250000,,,1y
94240,Deprivation score (IMD 2025),E92000001,England,E08000031,Wolverhampton,Counties & UAs (from Apr 2023),Persons,All ages,,,2025,32.552,,,,,,,,Cannot be calculated,Not compared,Not compared,20250000,,,1y
94240,Deprivation score (IMD 2025),E92000001,England,E08000032,Bradford,Counties & UAs (from Apr 2023),Persons,All ages,,,2025,36.713,,,,,,,,Cannot be calculated,Not compared,Not compared,20250000,,,1y
94240,Deprivation score (IMD 2025),E92000001,England,E08000033,Calderdale,Counties & UAs (from Apr 2023),Persons,All ages,,,2025,27.582,,,,,,,,Cannot be calculated,Not compared,Not compared,20250000,,,1y
94240,Deprivation score (IMD 2025),E92000001,England,E08000034,Kirklees,Counties & UAs (from Apr 2023),Persons,All ages,,,2025,25.805,,,,,,,,Cannot be calculated,Not compared,Not compared,20250000,,,1y
94240,Deprivation score (IMD 2025),E92000001,England,E08000035,Leeds,Counties & UAs (from Apr 2023),Persons,All ages,,,2025,24.115,,,,,,,,Cannot be calculated,Not compared,Not compared,20250000,,,1y
94240,Deprivation score (IMD 2025),E92000001,England,E08000036,Wakefield,Counties & UAs (from Apr 2023),Persons,All ages,,,2025,27.247,,,,,,,,Cannot be calculated,Not compared,Not compared,20250000,,,1y
94240,Deprivation score (IMD 2025),E92000001,England,E08000037,Gateshead,Counties & UAs (from Apr 2023),Persons,All ages,,,2025,28.128,,,,,,,,Cannot be calculated,Not compared,Not compared,20250000,,,1y
94240,Deprivation score (IMD 2025),E92000001,England,E09000001,City of London,Counties & UAs (from Apr 2023),Persons,All ages,,,2025,10.21,,,,,,,,Cannot be calculated,Not compared,Not compared,20250000,,,1y
94240,Deprivation score (IMD 2025),E92000001,England,E09000002,Barking and Dagenham,Counties & UAs (from Apr 2023),Persons,All ages,,,2025,30.266,,,,,,,,Cannot be calculated,Not compared,Not compared,20250000,,,1y
94240,Deprivation score (IMD 2025),E92000001,England,E09000003,Barnet,Counties & UAs (from Apr 2023),Persons,All ages,,,2025,19.499,,,,,,,,Cannot be calculated,Not compared,Not compared,20250000,,,1y
94240,Deprivation score (IMD 2025),E92000001,England,E09000004,Bexley,Counties & UAs (from Apr 2023),Persons,All ages,,,2025,15.302,,,,,,,,Cannot be calculated,Not compared,Not compared,20250000,,,1y
94240,Deprivation score (IMD 2025),E92000001,England,E09000005,Brent,Counties & UAs (from Apr 2023),Persons,All ages,,,2025,30.046,,,,,,,,Cannot be calculated,Not compared,Not compared,20250000,,,1y
94240,Deprivation score (IMD 2025),E92000001,England,E09000006,Bromley,Counties & UAs (from Apr 2023),Persons,All ages,,,2025,12.673,,,,,,,,Cannot be calculated,Not compared,Not compared,20250000,,,1y
94240,Deprivation score (IMD 2025),E92000001,England,E09000007,Camden,Counties & UAs (from Apr 2023),Persons,All ages,,,2025,23.695,,,,,,,,Cannot be calculated,Not compared,Not compared,20250000,,,1y
94240,Deprivation score (IMD 2025),E92000001,England,E09000008,Croydon,Counties & UAs (from Apr 2023),Persons,All ages,,,2025,22.562,,,,,,,,Cannot be calculated,Not compared,Not compared,20250000,,,1y
94240,Deprivation score (IMD 2025),E92000001,England,E09000009,Ealing,Counties & UAs (from Apr 2023),Persons,All ages,,,2025,25.947,,,,,,,,Cannot be calculated,Not compared,Not compared,20250000,,,1y
94240,Deprivation score (IMD 2025),E92000001,England,E09000010,Enfield,Counties & UAs (from Apr 2023),Persons,All ages,,,2025,29.888,,,,,,,,Cannot be calculated,Not compared,Not compared,20250000,,,1y
94240,Deprivation score (IMD 2025),E92000001,England,E09000011,Greenwich,Counties & UAs (from Apr 2023),Persons,All ages,,,2025,23.539,,,,,,,,Cannot be calculated,Not compared,Not compared,20250000,,,1y
94240,Deprivation score (IMD 2025),E92000001,England,E09000012,Hackney,Counties & UAs (from Apr 2023),Persons,All ages,,,2025,31.795,,,,,,,,Cannot be calculated,Not compared,Not compared,20250000,,,1y
94240,Deprivation score (IMD 2025),E92000001,England,E09000013,Hammersmith and Fulham,Counties & UAs (from Apr 2023),Persons,All ages,,,2025,21.202,,,,,,,,Cannot be calculated,Not compared,Not compared,20250000,,,1y
94240,Deprivation score (IMD 2025),E92000001,England,E09000014,Haringey,Counties & UAs (from Apr 2023),Persons,All ages,,,2025,30.856,,,,,,,,Cannot be calculated,Not compared,Not compared,20250000,,,1y
94240,Deprivation score (IMD 2025),E92000001,England,E09000015,Harrow,Counties & UAs (from Apr 2023),Persons,All ages,,,2025,17.527,,,,,,,,Cannot be calculated,Not compared,Not compared,20250000,,,1y
94240,Deprivation score (IMD 2025),E92000001,England,E09000016,Havering,Counties & UAs (from Apr 2023),Persons,All ages,,,2025,16.755,,,,,,,,Cannot be calculated,Not compared,Not compared,20250000,,,1y
94240,Deprivation score (IMD 2025),E92000001,England,E09000017,Hillingdon,Counties & UAs (from Apr 2023),Persons,All ages,,,2025,20.653,,,,,,,,Cannot be calculated,Not compared,Not compared,20250000,,,1y
94240,Deprivation score (IMD 2025),E92000001,England,E09000018,Hounslow,Counties & UAs (from Apr 2023),Persons,All ages,,,2025,24.859,,,,,,,,Cannot be calculated,Not compared,Not compared,20250000,,,1y
94240,Deprivation score (IMD 2025),E92000001,England,E09000019,Islington,Counties & UAs (from Apr 2023),Persons,All ages,,,2025,26.651,,,,,,,,Cannot be calculated,Not compared,Not compared,20250000,,,1y
94240,Deprivation score (IMD 2025),E92000001,England,E09000020,Kensington and Chelsea,Counties & UAs (from Apr 2023),Persons,All ages,,,2025,20.339,,,,,,,,Cannot be calculated,Not compared,Not compared,20250000,,,1y
94240,Deprivation score (IMD 2025),E92000001,England,E09000021,Kingston upon Thames,Counties & UAs (from Apr 2023),Persons,All ages,,,2025,11.063,,,,,,,,Cannot be calculated,Not compared,Not compared,20250000,,,1y
94240,Deprivation score (IMD 2025),E92000001,England,E09000022,Lambeth,Counties & UAs (from Apr 2023),Persons,All ages,,,2025,23.041,,,,,,,,Cannot be calculated,Not compared,Not compared,20250000,,,1y
94240,Deprivation score (IMD 2025),E92000001,England,E09000023,Lewisham,Counties & UAs (from Apr 2023),Persons,All ages,,,2025,25.472,,,,,,,,Cannot be calculated,Not compared,Not compared,20250000,,,1y
94240,Deprivation score (IMD 2025),E92000001,England,E09000024,Merton,Counties & UAs (from Apr 2023),Persons,All ages,,,2025,14.384,,,,,,,,Cannot be calculated,Not compared,Not compared,20250000,,,1y
94240,Deprivation score (IMD 2025),E92000001,England,E09000025,Newham,Counties & UAs (from Apr 2023),Persons,All ages,,,2025,31.583,,,,,,,,Cannot be calculated,Not compared,Not compared,20250000,,,1y
94240,Deprivation score (IMD 2025),E92000001,England,E09000026,Redbridge,Counties & UAs (from Apr 2023),Persons,All ages,,,2025,19.854,,,,,,,,Cannot be calculated,Not compared,Not compared,20250000,,,1y
94240,Deprivation score (IMD 2025),E92000001,England,E09000027,Richmond upon Thames,Counties & UAs (from Apr 2023),Persons,All ages,,,2025,9.532,,,,,,,,Cannot be calculated,Not compared,Not compared,20250000,,,1y
94240,Deprivation score (IMD 2025),E92000001,England,E09000028,Southwark,Counties & UAs (from Apr 2023),Persons,All ages,,,2025,23.328,,,,,,,,Cannot be calculated,Not compared,Not compared,20250000,,,1y
94240,Deprivation score (IMD 2025),E92000001,England,E09000029,Sutton,Counties & UAs (from Apr 2023),Persons,All ages,,,2025,13.85,,,,,,,,Cannot be calculated,Not compared,Not compared,20250000,,,1y
94240,Deprivation score (IMD 2025),E92000001,England,E09000030,Tower Hamlets,Counties & UAs (from Apr 2023),Persons,All ages,,,2025,30.554,,,,,,,,Cannot be calculated,Not compared,Not compared,20250000,,,1y
94240,Deprivation score (IMD 2025),E92000001,England,E09000031,Waltham Forest,Counties & UAs (from Apr 2023),Persons,All ages,,,2025,23.453,,,,,,,,Cannot be calculated,Not compared,Not compared,20250000,,,1y
94240,Deprivation score (IMD 2025),E92000001,England,E09000032,Wandsworth,Counties & UAs (from Apr 2023),Persons,All ages,,,2025,15.157,,,,,,,,Cannot be calculated,Not compared,Not compared,20250000,,,1y
94240,Deprivation score (IMD 2025),E92000001,England,E09000033,Westminster,Counties & UAs (from Apr 2023),Persons,All ages,,,2025,23.931,,,,,,,,Cannot be calculated,Not compared,Not compared,20250000,,,1y
94240,Deprivation score (IMD 2025),E92000001,England,E10000003,Cambridgeshire,Counties & UAs (from Apr 2023),Persons,All ages,,,2025,13.328,,,,,,,,Cannot be calculated,Not compared,Not compared,20250000,,,1y
94240,Deprivation score (IMD 2025),E92000001,England,E10000007,Derbyshire,Counties & UAs (from Apr 2023),Persons,All ages,,,2025,19.386,,,,,,,,Cannot be calculated,Not compared,Not compared,20250000,,,1y
94240,Deprivation score (IMD 2025),E92000001,England,E10000008,Devon,Counties & UAs (from Apr 2023),Persons,All ages,,,2025,17.722,,,,,,,,Cannot be calculated,Not compared,Not compared,20250000,,,1y
94240,Deprivation score (IMD 2025),E92000001,England,E10000011,East Sussex,Counties & UAs (from Apr 2023),Persons,All ages,,,2025,21.23,,,,,,,,Cannot be calculated,Not compared,Not compared,20250000,,,1y
94240,Deprivation score (IMD 2025),E92000001,England,E10000012,Essex,Counties & UAs (from Apr 2023),Persons,All ages,,,2025,17.703,,,,,,,,Cannot be calculated,Not compared,Not compared,20250000,,,1y
94240,Deprivation score (IMD 2025),E92000001,England,E10000013,Gloucestershire,Counties & UAs (from Apr 2023),Persons,All ages,,,2025,15.146,,,,,,,,Cannot be calculated,Not compared,Not compared,20250000,,,1y
94240,Deprivation score (IMD 2025),E92000001,England,E10000014,Hampshire,Counties & UAs (from Apr 2023),Persons,All ages,,,2025,12.777,,,,,,,,Cannot be calculated,Not compared,Not compared,20250000,,,1y
94240,Deprivation score (IMD 2025),E92000001,England,E10000015,Hertfordshire,Counties & UAs (from Apr 2023),Persons,All ages,,,2025,13.007,,,,,,,,Cannot be calculated,Not compared,Not compared,20250000,,,1y
94240,Deprivation score (IMD 2025),E92000001,England,E10000016,Kent,Counties & UAs (from Apr 2023),Persons,All ages,,,2025,20.7,,,,,,,,Cannot be calculated,Not compared,Not compared,20250000,,,1y
94240,Deprivation score (IMD 2025),E92000001,England,E10000017,Lancashire,Counties & UAs (from Apr 2023),Persons,All ages,,,2025,23.56,,,,,,,,Cannot be calculated,Not compared,Not compared,20250000,,,1y
94240,Deprivation score (IMD 2025),E92000001,England,E10000018,Leicestershire,Counties & UAs (from Apr 2023),Persons,All ages,,,2025,12.809,,,,,,,,Cannot be calculated,Not compared,Not compared,20250000,,,1y
94240,Deprivation score (IMD 2025),E92000001,England,E10000019,Lincolnshire,Counties & UAs (from Apr 2023),Persons,All ages,,,2025,22.239,,,,,,,,Cannot be calculated,Not compared,Not compared,20250000,,,1y
94240,Deprivation score (IMD 2025),E92000001,England,E10000020,Norfolk,Counties & UAs (from Apr 2023),Persons,All ages,,,2025,21.179,,,,,,,,Cannot be calculated,Not compared,Not compared,20250000,,,1y
94240,Deprivation score (IMD 2025),E92000001,England,E10000024,Nottinghamshire,Counties & UAs (from Apr 2023),Persons,All ages,,,2025,18.599,,,,,,,,Cannot be calculated,Not compared,Not compared,20250000,,,1y
94240,Deprivation score (IMD 2025),E92000001,England,E10000025,Oxfordshire,Counties & UAs (from Apr 2023),Persons,All ages,,,2025,11.189,,,,,,,,Cannot be calculated,Not compared,Not compared,20250000,,,1y
94240,Deprivation score (IMD 2025),E92000001,England,E10000028,Staffordshire,Counties & UAs (from Apr 2023),Persons,All ages,,,2025,16.513,,,,,,,,Cannot be calculated,Not compared,Not compared,20250000,,,1y
94240,Deprivation score (IMD 2025),E92000001,England,E10000029,Suffolk,Counties & UAs (from Apr 2023),Persons,All ages,,,2025,18.849,,,,,,,,Cannot be calculated,Not compared,Not compared,20250000,,,1y
94240,Deprivation score (IMD 2025),E92000001,England,E10000030,Surrey,Counties & UAs (from Apr 2023),Persons,All ages,,,2025,10.132,,,,,,,,Cannot be calculated,Not compared,Not compared,20250000,,,1y
94240,Deprivation score (IMD 2025),E92000001,England,E10000031,Warwickshire,Counties & UAs (from Apr 2023),Persons,All ages,,,2025,15.589,,,,,,,,Cannot be calculated,Not compared,Not compared,20250000,,,1y
94240,Deprivation score (IMD 2025),E92000001,England,E10000032,West Sussex,Counties & UAs (from Apr 2023),Persons,All ages,,,2025,14.8,,,,,,,,Cannot be calculated,Not compared,Not compared,20250000,,,1y
94240,Deprivation score (IMD 2025),E92000001,England,E10000034,Worcestershire,Counties & UAs (from Apr 2023),Persons,All ages,,,2025,17.311,,,,,,,,Cannot be calculated,Not compared,Not compared,20250000,,,1y
