Indicator ID,Indicator Name,Parent Code,Parent Name,Area Code,Area Name,Area Type,Sex,Age,Category Type,Category,Time period,Value,Lower CI 95.0 limit,Upper CI 95.0 limit,Lower CI 99.8 limit,Upper CI 99.8 limit,Count,Denominator,Value note,Recent Trend,Compared to England value or percentiles,Compared to percentiles,Time period Sortable,New data,Compared to goal,Time period range
94111,Estimated prevalence of undiagnosed adult hypertension,,,E92000001,England,England,Persons,16+ yrs,,,2021,8.64,8.21851,9.32307,,,3982916.0,46087075.0,,Cannot be calculated,Not compared,Not compared,20210000,,,1y
94111,Estimated prevalence of undiagnosed adult hypertension,E92000001,England,E92000001,England,England,Persons,16+ yrs,,,2021,8.64,8.21851,9.32307,,,3982916.0,46087075.0,,Cannot be calculated,Not compared,Not compared,20210000,,,1y
94111,Estimated prevalence of undiagnosed adult hypertension,E92000001,England,E06000001,Hartlepool,Counties & UAs (from Apr 2023),Persons,16+ yrs,,,2021,8.91,8.5025,9.58427,,,6680.0,74963.0,,Cannot be calculated,Not compared,Not compared,20210000,,,1y
94111,Estimated prevalence of undiagnosed adult hypertension,E92000001,England,E06000002,Middlesbrough,Counties & UAs (from Apr 2023),Persons,16+ yrs,,,2021,8.45,8.03831,9.12983,,,9634.0,114015.0,,Cannot be calculated,Not compared,Not compared,20210000,,,1y
94111,Estimated prevalence of undiagnosed adult hypertension,E92000001,England,E06000003,Redcar and Cleveland,Counties & UAs (from Apr 2023),Persons,16+ yrs,,,2021,9.21,8.78605,9.89019,,,10354.0,112438.0,,Cannot be calculated,Not compared,Not compared,20210000,,,1y
94111,Estimated prevalence of undiagnosed adult hypertension,E92000001,England,E06000004,Stockton-on-Tees,Counties & UAs (from Apr 2023),Persons,16+ yrs,,,2021,8.89,8.47583,9.56477,,,14091.0,158532.0,,Cannot be calculated,Not compared,Not compared,20210000,,,1y
94111,Estimated prevalence of undiagnosed adult hypertension,E92000001,England,E06000005,Darlington,Counties & UAs (from Apr 2023),Persons,16+ yrs,,,2021,8.97,8.53196,9.6325,,,7935.0,88496.0,,Cannot be calculated,Not compared,Not compared,20210000,,,1y
94111,Estimated prevalence of undiagnosed adult hypertension,E92000001,England,E06000006,Halton,Counties & UAs (from Apr 2023),Persons,16+ yrs,,,2021,8.84,8.41544,9.50914,,,9199.0,104078.0,,Cannot be calculated,Not compared,Not compared,20210000,,,1y
94111,Estimated prevalence of undiagnosed adult hypertension,E92000001,England,E06000007,Warrington,Counties & UAs (from Apr 2023),Persons,16+ yrs,,,2021,8.91,8.48869,9.6119,,,15418.0,173065.0,,Cannot be calculated,Not compared,Not compared,20210000,,,1y
94111,Estimated prevalence of undiagnosed adult hypertension,E92000001,England,E06000008,Blackburn with Darwen,Counties & UAs (from Apr 2023),Persons,16+ yrs,,,2021,8.32,7.90252,9.01717,,,9956.0,119734.0,,Cannot be calculated,Not compared,Not compared,20210000,,,1y
94111,Estimated prevalence of undiagnosed adult hypertension,E92000001,England,E06000009,Blackpool,Counties & UAs (from Apr 2023),Persons,16+ yrs,,,2021,9.01,8.59409,9.67754,,,10482.0,116376.0,,Cannot be calculated,Not compared,Not compared,20210000,,,1y
94111,Estimated prevalence of undiagnosed adult hypertension,E92000001,England,E06000010,Kingston upon Hull,Counties & UAs (from Apr 2023),Persons,16+ yrs,,,2021,8.34,7.94044,9.03652,,,17821.0,213588.0,,Cannot be calculated,Not compared,Not compared,20210000,,,1y
94111,Estimated prevalence of undiagnosed adult hypertension,E92000001,England,E06000011,East Riding of Yorkshire,Counties & UAs (from Apr 2023),Persons,16+ yrs,,,2021,9.49,9.04917,10.16485,,,27432.0,289159.0,,Cannot be calculated,Not compared,Not compared,20210000,,,1y
94111,Estimated prevalence of undiagnosed adult hypertension,E92000001,England,E06000012,North East Lincolnshire,Counties & UAs (from Apr 2023),Persons,16+ yrs,,,2021,8.99,8.56368,9.67783,,,11495.0,127827.0,,Cannot be calculated,Not compared,Not compared,20210000,,,1y
94111,Estimated prevalence of undiagnosed adult hypertension,E92000001,England,E06000013,North Lincolnshire,Counties & UAs (from Apr 2023),Persons,16+ yrs,,,2021,9.13,8.72206,9.80825,,,12763.0,139793.0,,Cannot be calculated,Not compared,Not compared,20210000,,,1y
94111,Estimated prevalence of undiagnosed adult hypertension,E92000001,England,E06000014,York,Counties & UAs (from Apr 2023),Persons,16+ yrs,,,2021,8.27,7.86236,8.96631,,,14154.0,171156.0,,Cannot be calculated,Not compared,Not compared,20210000,,,1y
94111,Estimated prevalence of undiagnosed adult hypertension,E92000001,England,E06000015,Derby,Counties & UAs (from Apr 2023),Persons,16+ yrs,,,2021,8.36,7.94722,9.03698,,,17471.0,209070.0,,Cannot be calculated,Not compared,Not compared,20210000,,,1y
94111,Estimated prevalence of undiagnosed adult hypertension,E92000001,England,E06000016,Leicester,Counties & UAs (from Apr 2023),Persons,16+ yrs,,,2021,7.72,7.29668,8.42804,,,22359.0,289769.0,,Cannot be calculated,Not compared,Not compared,20210000,,,1y
94111,Estimated prevalence of undiagnosed adult hypertension,E92000001,England,E06000017,Rutland,Counties & UAs (from Apr 2023),Persons,16+ yrs,,,2021,9.24,8.82296,9.91916,,,3203.0,34654.0,,Cannot be calculated,Not compared,Not compared,20210000,,,1y
94111,Estimated prevalence of undiagnosed adult hypertension,E92000001,England,E06000018,Nottingham,Counties & UAs (from Apr 2023),Persons,16+ yrs,,,2021,7.31,6.90613,8.02896,,,19051.0,260712.0,,Cannot be calculated,Not compared,Not compared,20210000,,,1y
94111,Estimated prevalence of undiagnosed adult hypertension,E92000001,England,E06000019,Herefordshire,Counties & UAs (from Apr 2023),Persons,16+ yrs,,,2021,9.41,8.98401,10.08848,,,14840.0,157704.0,,Cannot be calculated,Not compared,Not compared,20210000,,,1y
94111,Estimated prevalence of undiagnosed adult hypertension,E92000001,England,E06000020,Telford and Wrekin,Counties & UAs (from Apr 2023),Persons,16+ yrs,,,2021,8.66,8.24046,9.34478,,,12901.0,148987.0,,Cannot be calculated,Not compared,Not compared,20210000,,,1y
94111,Estimated prevalence of undiagnosed adult hypertension,E92000001,England,E06000021,Stoke-on-Trent,Counties & UAs (from Apr 2023),Persons,16+ yrs,,,2021,8.52,8.0937,9.21196,,,17543.0,205826.0,,Cannot be calculated,Not compared,Not compared,20210000,,,1y
94111,Estimated prevalence of undiagnosed adult hypertension,E92000001,England,E06000022,Bath and North East Somerset,Counties & UAs (from Apr 2023),Persons,16+ yrs,,,2021,8.38,7.97849,9.07864,,,13475.0,160718.0,,Cannot be calculated,Not compared,Not compared,20210000,,,1y
94111,Estimated prevalence of undiagnosed adult hypertension,E92000001,England,E06000023,Bristol,Counties & UAs (from Apr 2023),Persons,16+ yrs,,,2021,7.66,7.23524,8.38331,,,29777.0,388773.0,,Cannot be calculated,Not compared,Not compared,20210000,,,1y
94111,Estimated prevalence of undiagnosed adult hypertension,E92000001,England,E06000024,North Somerset,Counties & UAs (from Apr 2023),Persons,16+ yrs,,,2021,9.22,8.78993,9.90346,,,16527.0,179245.0,,Cannot be calculated,Not compared,Not compared,20210000,,,1y
94111,Estimated prevalence of undiagnosed adult hypertension,E92000001,England,E06000025,South Gloucestershire,Counties & UAs (from Apr 2023),Persons,16+ yrs,,,2021,8.64,8.21878,9.32507,,,20548.0,237895.0,,Cannot be calculated,Not compared,Not compared,20210000,,,1y
94111,Estimated prevalence of undiagnosed adult hypertension,E92000001,England,E06000026,Plymouth,Counties & UAs (from Apr 2023),Persons,16+ yrs,,,2021,8.48,8.05723,9.14655,,,18535.0,218685.0,,Cannot be calculated,Not compared,Not compared,20210000,,,1y
94111,Estimated prevalence of undiagnosed adult hypertension,E92000001,England,E06000027,Torbay,Counties & UAs (from Apr 2023),Persons,16+ yrs,,,2021,9.43,9.00077,10.12345,,,11055.0,117230.0,,Cannot be calculated,Not compared,Not compared,20210000,,,1y
94111,Estimated prevalence of undiagnosed adult hypertension,E92000001,England,E06000030,Swindon,Counties & UAs (from Apr 2023),Persons,16+ yrs,,,2021,8.63,8.21436,9.31137,,,16187.0,187563.0,,Cannot be calculated,Not compared,Not compared,20210000,,,1y
94111,Estimated prevalence of undiagnosed adult hypertension,E92000001,England,E06000031,Peterborough,Counties & UAs (from Apr 2023),Persons,16+ yrs,,,2021,8.29,7.87625,8.97644,,,13941.0,168249.0,,Cannot be calculated,Not compared,Not compared,20210000,,,1y
94111,Estimated prevalence of undiagnosed adult hypertension,E92000001,England,E06000032,Luton,Counties & UAs (from Apr 2023),Persons,16+ yrs,,,2021,7.96,7.54894,8.65911,,,13738.0,172541.0,,Cannot be calculated,Not compared,Not compared,20210000,,,1y
94111,Estimated prevalence of undiagnosed adult hypertension,E92000001,England,E06000033,Southend-on-Sea,Counties & UAs (from Apr 2023),Persons,16+ yrs,,,2021,8.82,8.40113,9.50103,,,12925.0,146591.0,,Cannot be calculated,Not compared,Not compared,20210000,,,1y
94111,Estimated prevalence of undiagnosed adult hypertension,E92000001,England,E06000034,Thurrock,Counties & UAs (from Apr 2023),Persons,16+ yrs,,,2021,8.29,7.87725,8.98823,,,11304.0,136397.0,,Cannot be calculated,Not compared,Not compared,20210000,,,1y
94111,Estimated prevalence of undiagnosed adult hypertension,E92000001,England,E06000035,Medway,Counties & UAs (from Apr 2023),Persons,16+ yrs,,,2021,8.56,8.15447,9.24766,,,19076.0,222857.0,,Cannot be calculated,Not compared,Not compared,20210000,,,1y
94111,Estimated prevalence of undiagnosed adult hypertension,E92000001,England,E06000036,Bracknell Forest,Counties & UAs (from Apr 2023),Persons,16+ yrs,,,2021,8.52,8.096,9.2008,,,8567.0,100539.0,,Cannot be calculated,Not compared,Not compared,20210000,,,1y
94111,Estimated prevalence of undiagnosed adult hypertension,E92000001,England,E06000037,West Berkshire,Counties & UAs (from Apr 2023),Persons,16+ yrs,,,2021,9.0,8.57691,9.68796,,,11808.0,131263.0,,Cannot be calculated,Not compared,Not compared,20210000,,,1y
94111,Estimated prevalence of undiagnosed adult hypertension,E92000001,England,E06000038,Reading,Counties & UAs (from Apr 2023),Persons,16+ yrs,,,2021,7.83,7.4184,8.54028,,,11010.0,140631.0,,Cannot be calculated,Not compared,Not compared,20210000,,,1y
94111,Estimated prevalence of undiagnosed adult hypertension,E92000001,England,E06000039,Slough,Counties & UAs (from Apr 2023),Persons,16+ yrs,,,2021,7.9,7.47637,8.62521,,,9407.0,119021.0,,Cannot be calculated,Not compared,Not compared,20210000,,,1y
94111,Estimated prevalence of undiagnosed adult hypertension,E92000001,England,E06000040,Windsor and Maidenhead,Counties & UAs (from Apr 2023),Persons,16+ yrs,,,2021,8.87,8.45233,9.55236,,,11029.0,124302.0,,Cannot be calculated,Not compared,Not compared,20210000,,,1y
94111,Estimated prevalence of undiagnosed adult hypertension,E92000001,England,E06000041,Wokingham,Counties & UAs (from Apr 2023),Persons,16+ yrs,,,2021,8.75,8.33381,9.43407,,,12391.0,141576.0,,Cannot be calculated,Not compared,Not compared,20210000,,,1y
94111,Estimated prevalence of undiagnosed adult hypertension,E92000001,England,E06000042,Milton Keynes,Counties & UAs (from Apr 2023),Persons,16+ yrs,,,2021,8.37,7.94528,9.05171,,,18907.0,225999.0,,Cannot be calculated,Not compared,Not compared,20210000,,,1y
94111,Estimated prevalence of undiagnosed adult hypertension,E92000001,England,E06000043,Brighton and Hove,Counties & UAs (from Apr 2023),Persons,16+ yrs,,,2021,8.03,7.6244,8.73311,,,18852.0,234907.0,,Cannot be calculated,Not compared,Not compared,20210000,,,1y
94111,Estimated prevalence of undiagnosed adult hypertension,E92000001,England,E06000044,Portsmouth,Counties & UAs (from Apr 2023),Persons,16+ yrs,,,2021,8.02,7.62222,8.71791,,,13638.0,169947.0,,Cannot be calculated,Not compared,Not compared,20210000,,,1y
94111,Estimated prevalence of undiagnosed adult hypertension,E92000001,England,E06000045,Southampton,Counties & UAs (from Apr 2023),Persons,16+ yrs,,,2021,7.81,7.40867,8.51746,,,15869.0,203169.0,,Cannot be calculated,Not compared,Not compared,20210000,,,1y
94111,Estimated prevalence of undiagnosed adult hypertension,E92000001,England,E06000046,Isle of Wight,Counties & UAs (from Apr 2023),Persons,16+ yrs,,,2021,9.63,9.19353,10.33032,,,11565.0,120043.0,,Cannot be calculated,Not compared,Not compared,20210000,,,1y
94111,Estimated prevalence of undiagnosed adult hypertension,E92000001,England,E06000047,County Durham,Counties & UAs (from Apr 2023),Persons,16+ yrs,,,2021,8.93,8.5341,9.631,,,38728.0,433443.0,,Cannot be calculated,Not compared,Not compared,20210000,,,1y
94111,Estimated prevalence of undiagnosed adult hypertension,E92000001,England,E06000049,Cheshire East,Counties & UAs (from Apr 2023),Persons,16+ yrs,,,2021,9.17,8.74843,9.84854,,,30373.0,331077.0,,Cannot be calculated,Not compared,Not compared,20210000,,,1y
94111,Estimated prevalence of undiagnosed adult hypertension,E92000001,England,E06000050,Cheshire West and Chester,Counties & UAs (from Apr 2023),Persons,16+ yrs,,,2021,8.96,8.5546,9.64331,,,26534.0,296107.0,,Cannot be calculated,Not compared,Not compared,20210000,,,1y
94111,Estimated prevalence of undiagnosed adult hypertension,E92000001,England,E06000051,Shropshire,Counties & UAs (from Apr 2023),Persons,16+ yrs,,,2021,9.35,8.92557,10.03686,,,25575.0,273433.0,,Cannot be calculated,Not compared,Not compared,20210000,,,1y
94111,Estimated prevalence of undiagnosed adult hypertension,E92000001,England,E06000052,Cornwall,Counties & UAs (from Apr 2023),Persons,16+ yrs,,,2021,9.31,8.88306,9.98053,,,44609.0,479008.0,,Cannot be calculated,Not compared,Not compared,20210000,,,1y
94111,Estimated prevalence of undiagnosed adult hypertension,E92000001,England,E06000053,Isles of Scilly,Counties & UAs (from Apr 2023),Persons,16+ yrs,,,2021,8.96,8.55144,9.64314,,,174.0,1943.0,,Cannot be calculated,Not compared,Not compared,20210000,,,1y
94111,Estimated prevalence of undiagnosed adult hypertension,E92000001,England,E06000054,Wiltshire,Counties & UAs (from Apr 2023),Persons,16+ yrs,,,2021,9.09,8.67378,9.7713,,,38382.0,422138.0,,Cannot be calculated,Not compared,Not compared,20210000,,,1y
94111,Estimated prevalence of undiagnosed adult hypertension,E92000001,England,E06000055,Bedford,Counties & UAs (from Apr 2023),Persons,16+ yrs,,,2021,8.59,8.18463,9.26761,,,12770.0,148716.0,,Cannot be calculated,Not compared,Not compared,20210000,,,1y
94111,Estimated prevalence of undiagnosed adult hypertension,E92000001,England,E06000056,Central Bedfordshire,Counties & UAs (from Apr 2023),Persons,16+ yrs,,,2021,8.81,8.40186,9.50463,,,20965.0,237913.0,,Cannot be calculated,Not compared,Not compared,20210000,,,1y
94111,Estimated prevalence of undiagnosed adult hypertension,E92000001,England,E06000057,Northumberland,Counties & UAs (from Apr 2023),Persons,16+ yrs,,,2021,9.45,9.01609,10.13442,,,25512.0,269861.0,,Cannot be calculated,Not compared,Not compared,20210000,,,1y
94111,Estimated prevalence of undiagnosed adult hypertension,E92000001,England,E06000058,"Bournemouth, Christchurch and Poole",Counties & UAs (from Apr 2023),Persons,16+ yrs,,,2021,8.78,8.37382,9.46548,,,29399.0,334845.0,,Cannot be calculated,Not compared,Not compared,20210000,,,1y
94111,Estimated prevalence of undiagnosed adult hypertension,E92000001,England,E06000059,Dorset,Counties & UAs (from Apr 2023),Persons,16+ yrs,,,2021,9.65,9.20922,10.32977,,,31239.0,323653.0,,Cannot be calculated,Not compared,Not compared,20210000,,,1y
94111,Estimated prevalence of undiagnosed adult hypertension,E92000001,England,E06000060,Buckinghamshire UA,Counties & UAs (from Apr 2023),Persons,16+ yrs,,,2021,8.88,8.45828,9.57737,,,39540.0,445475.0,,Cannot be calculated,Not compared,Not compared,20210000,,,1y
94111,Estimated prevalence of undiagnosed adult hypertension,E92000001,England,E06000061,North Northamptonshire,Counties & UAs (from Apr 2023),Persons,16+ yrs,,,2021,8.78,8.36332,9.46627,,,25477.0,290048.0,,Cannot be calculated,Not compared,Not compared,20210000,,,1y
94111,Estimated prevalence of undiagnosed adult hypertension,E92000001,England,E06000062,West Northamptonshire,Counties & UAs (from Apr 2023),Persons,16+ yrs,,,2021,8.63,8.21225,9.31366,,,29727.0,344495.0,,Cannot be calculated,Not compared,Not compared,20210000,,,1y
94111,Estimated prevalence of undiagnosed adult hypertension,E92000001,England,E06000063,Cumberland,Counties & UAs (from Apr 2023),Persons,16+ yrs,,,2021,9.23,8.79733,9.91451,,,21074.0,228355.0,,Cannot be calculated,Not compared,Not compared,20210000,,,1y
94111,Estimated prevalence of undiagnosed adult hypertension,E92000001,England,E06000064,Westmorland and Furness,Counties & UAs (from Apr 2023),Persons,16+ yrs,,,2021,9.42,8.99498,10.11038,,,18150.0,192711.0,,Cannot be calculated,Not compared,Not compared,20210000,,,1y
94111,Estimated prevalence of undiagnosed adult hypertension,E92000001,England,E06000065,North Yorkshire UA,Counties & UAs (from Apr 2023),Persons,16+ yrs,,,2021,9.38,8.9574,10.06308,,,48732.0,519471.0,,Cannot be calculated,Not compared,Not compared,20210000,,,1y
94111,Estimated prevalence of undiagnosed adult hypertension,E92000001,England,E06000066,Somerset UA,Counties & UAs (from Apr 2023),Persons,16+ yrs,,,2021,9.29,8.87081,9.97293,,,44294.0,476685.0,,Cannot be calculated,Not compared,Not compared,20210000,,,1y
94111,Estimated prevalence of undiagnosed adult hypertension,E92000001,England,E08000001,Bolton,Counties & UAs (from Apr 2023),Persons,16+ yrs,,,2021,8.61,8.18705,9.283,,,20030.0,232630.0,,Cannot be calculated,Not compared,Not compared,20210000,,,1y
94111,Estimated prevalence of undiagnosed adult hypertension,E92000001,England,E08000002,Bury,Counties & UAs (from Apr 2023),Persons,16+ yrs,,,2021,8.77,8.34099,9.43778,,,13592.0,155018.0,,Cannot be calculated,Not compared,Not compared,20210000,,,1y
94111,Estimated prevalence of undiagnosed adult hypertension,E92000001,England,E08000003,Manchester,Counties & UAs (from Apr 2023),Persons,16+ yrs,,,2021,7.26,6.83864,8.00164,,,31746.0,436973.0,,Cannot be calculated,Not compared,Not compared,20210000,,,1y
94111,Estimated prevalence of undiagnosed adult hypertension,E92000001,England,E08000004,Oldham,Counties & UAs (from Apr 2023),Persons,16+ yrs,,,2021,8.45,8.02835,9.14135,,,15814.0,187253.0,,Cannot be calculated,Not compared,Not compared,20210000,,,1y
94111,Estimated prevalence of undiagnosed adult hypertension,E92000001,England,E08000005,Rochdale,Counties & UAs (from Apr 2023),Persons,16+ yrs,,,2021,8.57,8.14361,9.25081,,,15017.0,175318.0,,Cannot be calculated,Not compared,Not compared,20210000,,,1y
94111,Estimated prevalence of undiagnosed adult hypertension,E92000001,England,E08000006,Salford,Counties & UAs (from Apr 2023),Persons,16+ yrs,,,2021,7.86,7.44547,8.59318,,,17124.0,217855.0,,Cannot be calculated,Not compared,Not compared,20210000,,,1y
94111,Estimated prevalence of undiagnosed adult hypertension,E92000001,England,E08000007,Stockport,Counties & UAs (from Apr 2023),Persons,16+ yrs,,,2021,8.93,8.50912,9.59312,,,21378.0,239419.0,,Cannot be calculated,Not compared,Not compared,20210000,,,1y
94111,Estimated prevalence of undiagnosed adult hypertension,E92000001,England,E08000008,Tameside,Counties & UAs (from Apr 2023),Persons,16+ yrs,,,2021,8.73,8.30981,9.43324,,,16181.0,185353.0,,Cannot be calculated,Not compared,Not compared,20210000,,,1y
94111,Estimated prevalence of undiagnosed adult hypertension,E92000001,England,E08000009,Trafford,Counties & UAs (from Apr 2023),Persons,16+ yrs,,,2021,8.76,8.34531,9.44811,,,16355.0,186742.0,,Cannot be calculated,Not compared,Not compared,20210000,,,1y
94111,Estimated prevalence of undiagnosed adult hypertension,E92000001,England,E08000010,Wigan,Counties & UAs (from Apr 2023),Persons,16+ yrs,,,2021,8.87,8.45131,9.55141,,,23874.0,269268.0,,Cannot be calculated,Not compared,Not compared,20210000,,,1y
94111,Estimated prevalence of undiagnosed adult hypertension,E92000001,England,E08000011,Knowsley,Counties & UAs (from Apr 2023),Persons,16+ yrs,,,2021,8.65,8.2314,9.34198,,,10791.0,124681.0,,Cannot be calculated,Not compared,Not compared,20210000,,,1y
94111,Estimated prevalence of undiagnosed adult hypertension,E92000001,England,E08000012,Liverpool,Counties & UAs (from Apr 2023),Persons,16+ yrs,,,2021,7.99,7.58516,8.68995,,,32110.0,401858.0,,Cannot be calculated,Not compared,Not compared,20210000,,,1y
94111,Estimated prevalence of undiagnosed adult hypertension,E92000001,England,E08000013,St. Helens,Counties & UAs (from Apr 2023),Persons,16+ yrs,,,2021,8.95,8.53125,9.63116,,,13498.0,150819.0,,Cannot be calculated,Not compared,Not compared,20210000,,,1y
94111,Estimated prevalence of undiagnosed adult hypertension,E92000001,England,E08000014,Sefton,Counties & UAs (from Apr 2023),Persons,16+ yrs,,,2021,9.19,8.76248,9.87304,,,21393.0,232797.0,,Cannot be calculated,Not compared,Not compared,20210000,,,1y
94111,Estimated prevalence of undiagnosed adult hypertension,E92000001,England,E08000015,Wirral,Counties & UAs (from Apr 2023),Persons,16+ yrs,,,2021,9.1,8.68674,9.77815,,,23902.0,262658.0,,Cannot be calculated,Not compared,Not compared,20210000,,,1y
94111,Estimated prevalence of undiagnosed adult hypertension,E92000001,England,E08000016,Barnsley,Counties & UAs (from Apr 2023),Persons,16+ yrs,,,2021,8.91,8.48341,9.59504,,,17823.0,200116.0,,Cannot be calculated,Not compared,Not compared,20210000,,,1y
94111,Estimated prevalence of undiagnosed adult hypertension,E92000001,England,E08000017,Doncaster,Counties & UAs (from Apr 2023),Persons,16+ yrs,,,2021,8.86,8.45129,9.54929,,,22296.0,251541.0,,Cannot be calculated,Not compared,Not compared,20210000,,,1y
94111,Estimated prevalence of undiagnosed adult hypertension,E92000001,England,E08000018,Rotherham,Counties & UAs (from Apr 2023),Persons,16+ yrs,,,2021,8.85,8.43109,9.53243,,,19118.0,215969.0,,Cannot be calculated,Not compared,Not compared,20210000,,,1y
94111,Estimated prevalence of undiagnosed adult hypertension,E92000001,England,E08000019,Sheffield,Counties & UAs (from Apr 2023),Persons,16+ yrs,,,2021,8.22,7.82734,8.89298,,,37399.0,454955.0,,Cannot be calculated,Not compared,Not compared,20210000,,,1y
94111,Estimated prevalence of undiagnosed adult hypertension,E92000001,England,E08000021,Newcastle upon Tyne,Counties & UAs (from Apr 2023),Persons,16+ yrs,,,2021,7.76,7.3534,8.46794,,,19149.0,246852.0,,Cannot be calculated,Not compared,Not compared,20210000,,,1y
94111,Estimated prevalence of undiagnosed adult hypertension,E92000001,England,E08000022,North Tyneside,Counties & UAs (from Apr 2023),Persons,16+ yrs,,,2021,9.0,8.57783,9.67965,,,15470.0,171809.0,,Cannot be calculated,Not compared,Not compared,20210000,,,1y
94111,Estimated prevalence of undiagnosed adult hypertension,E92000001,England,E08000023,South Tyneside,Counties & UAs (from Apr 2023),Persons,16+ yrs,,,2021,9.03,8.60046,9.72415,,,10965.0,121398.0,,Cannot be calculated,Not compared,Not compared,20210000,,,1y
94111,Estimated prevalence of undiagnosed adult hypertension,E92000001,England,E08000024,Sunderland,Counties & UAs (from Apr 2023),Persons,16+ yrs,,,2021,8.93,8.49754,9.59986,,,20208.0,226331.0,,Cannot be calculated,Not compared,Not compared,20210000,,,1y
94111,Estimated prevalence of undiagnosed adult hypertension,E92000001,England,E08000025,Birmingham,Counties & UAs (from Apr 2023),Persons,16+ yrs,,,2021,7.89,7.4918,8.59796,,,70178.0,888942.0,,Cannot be calculated,Not compared,Not compared,20210000,,,1y
94111,Estimated prevalence of undiagnosed adult hypertension,E92000001,England,E08000026,Coventry,Counties & UAs (from Apr 2023),Persons,16+ yrs,,,2021,7.99,7.57982,8.68859,,,22026.0,275710.0,,Cannot be calculated,Not compared,Not compared,20210000,,,1y
94111,Estimated prevalence of undiagnosed adult hypertension,E92000001,England,E08000027,Dudley,Counties & UAs (from Apr 2023),Persons,16+ yrs,,,2021,8.85,8.43448,9.53644,,,23264.0,262749.0,,Cannot be calculated,Not compared,Not compared,20210000,,,1y
94111,Estimated prevalence of undiagnosed adult hypertension,E92000001,England,E08000028,Sandwell,Counties & UAs (from Apr 2023),Persons,16+ yrs,,,2021,8.33,7.92082,9.00986,,,22176.0,266323.0,,Cannot be calculated,Not compared,Not compared,20210000,,,1y
94111,Estimated prevalence of undiagnosed adult hypertension,E92000001,England,E08000029,Solihull,Counties & UAs (from Apr 2023),Persons,16+ yrs,,,2021,8.97,8.56128,9.65418,,,15702.0,174999.0,,Cannot be calculated,Not compared,Not compared,20210000,,,1y
94111,Estimated prevalence of undiagnosed adult hypertension,E92000001,England,E08000030,Walsall,Counties & UAs (from Apr 2023),Persons,16+ yrs,,,2021,8.56,8.14983,9.24272,,,19114.0,223422.0,,Cannot be calculated,Not compared,Not compared,20210000,,,1y
94111,Estimated prevalence of undiagnosed adult hypertension,E92000001,England,E08000031,Wolverhampton,Counties & UAs (from Apr 2023),Persons,16+ yrs,,,2021,8.49,8.07759,9.15819,,,17727.0,208839.0,,Cannot be calculated,Not compared,Not compared,20210000,,,1y
94111,Estimated prevalence of undiagnosed adult hypertension,E92000001,England,E08000032,Bradford,Counties & UAs (from Apr 2023),Persons,16+ yrs,,,2021,8.33,7.92843,9.02443,,,35204.0,422415.0,,Cannot be calculated,Not compared,Not compared,20210000,,,1y
94111,Estimated prevalence of undiagnosed adult hypertension,E92000001,England,E08000033,Calderdale,Counties & UAs (from Apr 2023),Persons,16+ yrs,,,2021,8.9,8.482,9.57834,,,14866.0,166959.0,,Cannot be calculated,Not compared,Not compared,20210000,,,1y
94111,Estimated prevalence of undiagnosed adult hypertension,E92000001,England,E08000034,Kirklees,Counties & UAs (from Apr 2023),Persons,16+ yrs,,,2021,8.63,8.2228,9.30378,,,29932.0,346811.0,,Cannot be calculated,Not compared,Not compared,20210000,,,1y
94111,Estimated prevalence of undiagnosed adult hypertension,E92000001,England,E08000035,Leeds,Counties & UAs (from Apr 2023),Persons,16+ yrs,,,2021,8.12,7.73483,8.81114,,,53306.0,656202.0,,Cannot be calculated,Not compared,Not compared,20210000,,,1y
94111,Estimated prevalence of undiagnosed adult hypertension,E92000001,England,E08000036,Wakefield,Counties & UAs (from Apr 2023),Persons,16+ yrs,,,2021,8.84,8.41114,9.51988,,,25442.0,287947.0,,Cannot be calculated,Not compared,Not compared,20210000,,,1y
94111,Estimated prevalence of undiagnosed adult hypertension,E92000001,England,E08000037,Gateshead,Counties & UAs (from Apr 2023),Persons,16+ yrs,,,2021,8.9,8.47422,9.57575,,,14392.0,161784.0,,Cannot be calculated,Not compared,Not compared,20210000,,,1y
94111,Estimated prevalence of undiagnosed adult hypertension,E92000001,England,E09000001,City of London,Counties & UAs (from Apr 2023),Persons,16+ yrs,,,2021,7.94,7.48608,8.68394,,,644.0,8108.0,,Cannot be calculated,Not compared,Not compared,20210000,,,1y
94111,Estimated prevalence of undiagnosed adult hypertension,E92000001,England,E09000002,Barking and Dagenham,Counties & UAs (from Apr 2023),Persons,16+ yrs,,,2021,7.74,7.29833,8.46868,,,12522.0,161833.0,,Cannot be calculated,Not compared,Not compared,20210000,,,1y
94111,Estimated prevalence of undiagnosed adult hypertension,E92000001,England,E09000003,Barnet,Counties & UAs (from Apr 2023),Persons,16+ yrs,,,2021,8.29,7.88294,8.98398,,,25643.0,309289.0,,Cannot be calculated,Not compared,Not compared,20210000,,,1y
94111,Estimated prevalence of undiagnosed adult hypertension,E92000001,England,E09000004,Bexley,Counties & UAs (from Apr 2023),Persons,16+ yrs,,,2021,8.56,8.14706,9.24646,,,16796.0,196129.0,,Cannot be calculated,Not compared,Not compared,20210000,,,1y
94111,Estimated prevalence of undiagnosed adult hypertension,E92000001,England,E09000005,Brent,Counties & UAs (from Apr 2023),Persons,16+ yrs,,,2021,7.93,7.5164,8.63505,,,21771.0,274588.0,,Cannot be calculated,Not compared,Not compared,20210000,,,1y
94111,Estimated prevalence of undiagnosed adult hypertension,E92000001,England,E09000006,Bromley,Counties & UAs (from Apr 2023),Persons,16+ yrs,,,2021,8.75,8.33848,9.43353,,,23192.0,265195.0,,Cannot be calculated,Not compared,Not compared,20210000,,,1y
94111,Estimated prevalence of undiagnosed adult hypertension,E92000001,England,E09000007,Camden,Counties & UAs (from Apr 2023),Persons,16+ yrs,,,2021,7.53,7.12905,8.24584,,,13459.0,178637.0,,Cannot be calculated,Not compared,Not compared,20210000,,,1y
94111,Estimated prevalence of undiagnosed adult hypertension,E92000001,England,E09000008,Croydon,Counties & UAs (from Apr 2023),Persons,16+ yrs,,,2021,8.28,7.86065,8.97492,,,25728.0,310583.0,,Cannot be calculated,Not compared,Not compared,20210000,,,1y
94111,Estimated prevalence of undiagnosed adult hypertension,E92000001,England,E09000009,Ealing,Counties & UAs (from Apr 2023),Persons,16+ yrs,,,2021,8.09,7.67488,8.78359,,,23896.0,295424.0,,Cannot be calculated,Not compared,Not compared,20210000,,,1y
94111,Estimated prevalence of undiagnosed adult hypertension,E92000001,England,E09000010,Enfield,Counties & UAs (from Apr 2023),Persons,16+ yrs,,,2021,8.26,7.85964,8.93505,,,21281.0,257495.0,,Cannot be calculated,Not compared,Not compared,20210000,,,1y
94111,Estimated prevalence of undiagnosed adult hypertension,E92000001,England,E09000011,Greenwich,Counties & UAs (from Apr 2023),Persons,16+ yrs,,,2021,7.86,7.43126,8.58492,,,18103.0,230358.0,,Cannot be calculated,Not compared,Not compared,20210000,,,1y
94111,Estimated prevalence of undiagnosed adult hypertension,E92000001,England,E09000012,Hackney,Counties & UAs (from Apr 2023),Persons,16+ yrs,,,2021,7.33,6.87897,8.10216,,,15423.0,210302.0,,Cannot be calculated,Not compared,Not compared,20210000,,,1y
94111,Estimated prevalence of undiagnosed adult hypertension,E92000001,England,E09000013,Hammersmith and Fulham,Counties & UAs (from Apr 2023),Persons,16+ yrs,,,2021,7.47,7.04281,8.20198,,,11569.0,154843.0,,Cannot be calculated,Not compared,Not compared,20210000,,,1y
94111,Estimated prevalence of undiagnosed adult hypertension,E92000001,England,E09000014,Haringey,Counties & UAs (from Apr 2023),Persons,16+ yrs,,,2021,7.9,7.47385,8.62745,,,17078.0,216102.0,,Cannot be calculated,Not compared,Not compared,20210000,,,1y
94111,Estimated prevalence of undiagnosed adult hypertension,E92000001,England,E09000015,Harrow,Counties & UAs (from Apr 2023),Persons,16+ yrs,,,2021,8.36,7.939,9.05231,,,17534.0,209821.0,,Cannot be calculated,Not compared,Not compared,20210000,,,1y
94111,Estimated prevalence of undiagnosed adult hypertension,E92000001,England,E09000016,Havering,Counties & UAs (from Apr 2023),Persons,16+ yrs,,,2021,8.59,8.18443,9.27818,,,18029.0,209766.0,,Cannot be calculated,Not compared,Not compared,20210000,,,1y
94111,Estimated prevalence of undiagnosed adult hypertension,E92000001,England,E09000017,Hillingdon,Counties & UAs (from Apr 2023),Persons,16+ yrs,,,2021,8.19,7.77191,8.8818,,,19760.0,241286.0,,Cannot be calculated,Not compared,Not compared,20210000,,,1y
94111,Estimated prevalence of undiagnosed adult hypertension,E92000001,England,E09000018,Hounslow,Counties & UAs (from Apr 2023),Persons,16+ yrs,,,2021,8.12,7.69764,8.82688,,,18596.0,228965.0,,Cannot be calculated,Not compared,Not compared,20210000,,,1y
94111,Estimated prevalence of undiagnosed adult hypertension,E92000001,England,E09000019,Islington,Counties & UAs (from Apr 2023),Persons,16+ yrs,,,2021,7.37,6.91929,8.13428,,,13559.0,184051.0,,Cannot be calculated,Not compared,Not compared,20210000,,,1y
94111,Estimated prevalence of undiagnosed adult hypertension,E92000001,England,E09000020,Kensington and Chelsea,Counties & UAs (from Apr 2023),Persons,16+ yrs,,,2021,8.11,7.70153,8.80224,,,10056.0,124035.0,,Cannot be calculated,Not compared,Not compared,20210000,,,1y
94111,Estimated prevalence of undiagnosed adult hypertension,E92000001,England,E09000021,Kingston upon Thames,Counties & UAs (from Apr 2023),Persons,16+ yrs,,,2021,8.29,7.87354,8.97346,,,11229.0,135519.0,,Cannot be calculated,Not compared,Not compared,20210000,,,1y
94111,Estimated prevalence of undiagnosed adult hypertension,E92000001,England,E09000022,Lambeth,Counties & UAs (from Apr 2023),Persons,16+ yrs,,,2021,7.4,6.95387,8.1601,,,19922.0,269344.0,,Cannot be calculated,Not compared,Not compared,20210000,,,1y
94111,Estimated prevalence of undiagnosed adult hypertension,E92000001,England,E09000023,Lewisham,Counties & UAs (from Apr 2023),Persons,16+ yrs,,,2021,7.79,7.34773,8.526,,,18873.0,242195.0,,Cannot be calculated,Not compared,Not compared,20210000,,,1y
94111,Estimated prevalence of undiagnosed adult hypertension,E92000001,England,E09000024,Merton,Counties & UAs (from Apr 2023),Persons,16+ yrs,,,2021,8.18,7.75498,8.88752,,,14168.0,173212.0,,Cannot be calculated,Not compared,Not compared,20210000,,,1y
94111,Estimated prevalence of undiagnosed adult hypertension,E92000001,England,E09000025,Newham,Counties & UAs (from Apr 2023),Persons,16+ yrs,,,2021,7.36,6.91233,8.10609,,,20333.0,276319.0,,Cannot be calculated,Not compared,Not compared,20210000,,,1y
94111,Estimated prevalence of undiagnosed adult hypertension,E92000001,England,E09000026,Redbridge,Counties & UAs (from Apr 2023),Persons,16+ yrs,,,2021,8.07,7.65092,8.77825,,,19539.0,241977.0,,Cannot be calculated,Not compared,Not compared,20210000,,,1y
94111,Estimated prevalence of undiagnosed adult hypertension,E92000001,England,E09000027,Richmond upon Thames,Counties & UAs (from Apr 2023),Persons,16+ yrs,,,2021,8.76,8.33593,9.46105,,,13677.0,156059.0,,Cannot be calculated,Not compared,Not compared,20210000,,,1y
94111,Estimated prevalence of undiagnosed adult hypertension,E92000001,England,E09000028,Southwark,Counties & UAs (from Apr 2023),Persons,16+ yrs,,,2021,7.43,6.98796,8.18263,,,19001.0,255616.0,,Cannot be calculated,Not compared,Not compared,20210000,,,1y
94111,Estimated prevalence of undiagnosed adult hypertension,E92000001,England,E09000029,Sutton,Counties & UAs (from Apr 2023),Persons,16+ yrs,,,2021,8.53,8.11667,9.21201,,,14143.0,165722.0,,Cannot be calculated,Not compared,Not compared,20210000,,,1y
94111,Estimated prevalence of undiagnosed adult hypertension,E92000001,England,E09000030,Tower Hamlets,Counties & UAs (from Apr 2023),Persons,16+ yrs,,,2021,6.75,6.26602,7.58506,,,17216.0,255045.0,,Cannot be calculated,Not compared,Not compared,20210000,,,1y
94111,Estimated prevalence of undiagnosed adult hypertension,E92000001,England,E09000031,Waltham Forest,Counties & UAs (from Apr 2023),Persons,16+ yrs,,,2021,7.92,7.47815,8.6654,,,17572.0,221902.0,,Cannot be calculated,Not compared,Not compared,20210000,,,1y
94111,Estimated prevalence of undiagnosed adult hypertension,E92000001,England,E09000032,Wandsworth,Counties & UAs (from Apr 2023),Persons,16+ yrs,,,2021,7.4,6.95725,8.15727,,,20309.0,274437.0,,Cannot be calculated,Not compared,Not compared,20210000,,,1y
94111,Estimated prevalence of undiagnosed adult hypertension,E92000001,England,E09000033,Westminster,Counties & UAs (from Apr 2023),Persons,16+ yrs,,,2021,7.69,7.27925,8.40951,,,13761.0,178957.0,,Cannot be calculated,Not compared,Not compared,20210000,,,1y
94111,Estimated prevalence of undiagnosed adult hypertension,E92000001,England,E10000003,Cambridgeshire,Counties & UAs (from Apr 2023),Persons,16+ yrs,,,2021,8.6,8.2015,9.28,,,48290.0,561459.0,,Cannot be calculated,Not compared,Not compared,20210000,,,1y
94111,Estimated prevalence of undiagnosed adult hypertension,E92000001,England,E10000007,Derbyshire,Counties & UAs (from Apr 2023),Persons,16+ yrs,,,2021,9.16,8.73362,9.8379,,,60641.0,662088.0,,Cannot be calculated,Not compared,Not compared,20210000,,,1y
94111,Estimated prevalence of undiagnosed adult hypertension,E92000001,England,E10000008,Devon,Counties & UAs (from Apr 2023),Persons,16+ yrs,,,2021,9.26,8.84291,9.94099,,,63561.0,686240.0,,Cannot be calculated,Not compared,Not compared,20210000,,,1y
94111,Estimated prevalence of undiagnosed adult hypertension,E92000001,England,E10000011,East Sussex,Counties & UAs (from Apr 2023),Persons,16+ yrs,,,2021,9.39,8.95541,10.07339,,,42907.0,456741.0,,Cannot be calculated,Not compared,Not compared,20210000,,,1y
94111,Estimated prevalence of undiagnosed adult hypertension,E92000001,England,E10000012,Essex,Counties & UAs (from Apr 2023),Persons,16+ yrs,,,2021,8.92,8.4815,9.59559,,,109432.0,1227267.0,,Cannot be calculated,Not compared,Not compared,20210000,,,1y
94111,Estimated prevalence of undiagnosed adult hypertension,E92000001,England,E10000013,Gloucestershire,Counties & UAs (from Apr 2023),Persons,16+ yrs,,,2021,9.01,8.59255,9.69097,,,48121.0,533892.0,,Cannot be calculated,Not compared,Not compared,20210000,,,1y
94111,Estimated prevalence of undiagnosed adult hypertension,E92000001,England,E10000014,Hampshire,Counties & UAs (from Apr 2023),Persons,16+ yrs,,,2021,9.05,8.63587,9.73648,,,104681.0,1156536.0,,Cannot be calculated,Not compared,Not compared,20210000,,,1y
94111,Estimated prevalence of undiagnosed adult hypertension,E92000001,England,E10000015,Hertfordshire,Counties & UAs (from Apr 2023),Persons,16+ yrs,,,2021,8.67,8.24767,9.3475,,,83354.0,961608.0,,Cannot be calculated,Not compared,Not compared,20210000,,,1y
94111,Estimated prevalence of undiagnosed adult hypertension,E92000001,England,E10000016,Kent,Counties & UAs (from Apr 2023),Persons,16+ yrs,,,2021,8.88,8.46595,9.55585,,,113613.0,1279441.0,,Cannot be calculated,Not compared,Not compared,20210000,,,1y
94111,Estimated prevalence of undiagnosed adult hypertension,E92000001,England,E10000017,Lancashire,Counties & UAs (from Apr 2023),Persons,16+ yrs,,,2021,8.89,8.47732,9.56275,,,90159.0,1014221.0,,Cannot be calculated,Not compared,Not compared,20210000,,,1y
94111,Estimated prevalence of undiagnosed adult hypertension,E92000001,England,E10000018,Leicestershire,Counties & UAs (from Apr 2023),Persons,16+ yrs,,,2021,8.89,8.47681,9.58067,,,52293.0,587926.0,,Cannot be calculated,Not compared,Not compared,20210000,,,1y
94111,Estimated prevalence of undiagnosed adult hypertension,E92000001,England,E10000019,Lincolnshire,Counties & UAs (from Apr 2023),Persons,16+ yrs,,,2021,9.11,8.68966,9.78187,,,58430.0,641467.0,,Cannot be calculated,Not compared,Not compared,20210000,,,1y
94111,Estimated prevalence of undiagnosed adult hypertension,E92000001,England,E10000020,Norfolk,Counties & UAs (from Apr 2023),Persons,16+ yrs,,,2021,9.12,8.69687,9.81676,,,70210.0,769530.0,,Cannot be calculated,Not compared,Not compared,20210000,,,1y
94111,Estimated prevalence of undiagnosed adult hypertension,E92000001,England,E10000024,Nottinghamshire,Counties & UAs (from Apr 2023),Persons,16+ yrs,,,2021,9.02,8.6005,9.67802,,,61362.0,680362.0,,Cannot be calculated,Not compared,Not compared,20210000,,,1y
94111,Estimated prevalence of undiagnosed adult hypertension,E92000001,England,E10000025,Oxfordshire,Counties & UAs (from Apr 2023),Persons,16+ yrs,,,2021,8.52,8.10907,9.20867,,,50837.0,596829.0,,Cannot be calculated,Not compared,Not compared,20210000,,,1y
94111,Estimated prevalence of undiagnosed adult hypertension,E92000001,England,E10000028,Staffordshire,Counties & UAs (from Apr 2023),Persons,16+ yrs,,,2021,9.08,8.65918,9.7564,,,66114.0,728022.0,,Cannot be calculated,Not compared,Not compared,20210000,,,1y
94111,Estimated prevalence of undiagnosed adult hypertension,E92000001,England,E10000029,Suffolk,Counties & UAs (from Apr 2023),Persons,16+ yrs,,,2021,9.14,8.70434,9.81743,,,57844.0,633184.0,,Cannot be calculated,Not compared,Not compared,20210000,,,1y
94111,Estimated prevalence of undiagnosed adult hypertension,E92000001,England,E10000030,Surrey,Counties & UAs (from Apr 2023),Persons,16+ yrs,,,2021,8.81,8.39197,9.48172,,,85975.0,975801.0,,Cannot be calculated,Not compared,Not compared,20210000,,,1y
94111,Estimated prevalence of undiagnosed adult hypertension,E92000001,England,E10000031,Warwickshire,Counties & UAs (from Apr 2023),Persons,16+ yrs,,,2021,8.89,8.47138,9.57483,,,43812.0,492698.0,,Cannot be calculated,Not compared,Not compared,20210000,,,1y
94111,Estimated prevalence of undiagnosed adult hypertension,E92000001,England,E10000032,West Sussex,Counties & UAs (from Apr 2023),Persons,16+ yrs,,,2021,9.12,8.67932,9.78849,,,66512.0,729617.0,,Cannot be calculated,Not compared,Not compared,20210000,,,1y
94111,Estimated prevalence of undiagnosed adult hypertension,E92000001,England,E10000034,Worcestershire,Counties & UAs (from Apr 2023),Persons,16+ yrs,,,2021,9.12,8.70372,9.80622,,,45659.0,500857.0,,Cannot be calculated,Not compared,Not compared,20210000,,,1y
